domain,model,map_id,safe_weighted_coverage,weighted_coverage,safe_rate,return_rate,planning_time_s
未见合成,a2c_pointer,synthetic_test__map_000,0.4983333333,0.4983333333,1,1,1.14633278
未见合成,a2c_pointer,synthetic_test__map_001,0.4354960317,0.4354960317,1,1,1.003850976
未见合成,a2c_pointer,synthetic_test__map_002,0.5201303855,0.5201303855,1,1,1.164273767
未见合成,a2c_pointer,synthetic_test__map_003,0.4683673469,0.4683673469,1,1,1.246254087
未见合成,a2c_pointer,synthetic_test__map_004,0.5043225624,0.5043225624,1,1,1.08588968
未见合成,a2c_pointer,synthetic_test__map_005,0.5090986395,0.5090986395,1,1,1.090630651
未见合成,a2c_pointer,synthetic_test__map_006,0.5014597506,0.5014597506,1,1,1.031331842
未见合成,a2c_pointer,synthetic_test__map_007,0.4518282313,0.4518282313,1,1,1.262587876
未见合成,a2c_pointer,synthetic_test__map_008,0.479824263,0.479824263,1,1,1.076862049
未见合成,a2c_pointer,synthetic_test__map_009,0.4631632653,0.4631632653,1,1,1.151948622
未见合成,a2c_pointer,synthetic_test__map_010,0.4801530612,0.4801530612,1,1,1.030102562
未见合成,a2c_pointer,synthetic_test__map_011,0.4705782313,0.4705782313,1,1,1.251614933
未见合成,a2c_pointer,synthetic_test__map_012,0.4889795918,0.4889795918,1,1,1.100075107
未见合成,a2c_pointer,synthetic_test__map_013,0.4891950113,0.4891950113,1,1,1.03871264
未见合成,a2c_pointer,synthetic_test__map_014,0.467239229,0.467239229,1,1,0.9637748644
未见合成,a2c_pointer,synthetic_test__map_015,0.4725595238,0.4725595238,1,1,1.155968449
未见合成,a2c_pointer,synthetic_test__map_016,0.4956292517,0.4956292517,1,1,1.126567096
未见合成,a2c_pointer,synthetic_test__map_017,0.4719274376,0.4719274376,1,1,1.277859133
未见合成,a2c_pointer,synthetic_test__map_018,0.4981207483,0.4981207483,1,1,1.057979564
未见合成,a2c_pointer,synthetic_test__map_019,0.450303288,0.450303288,1,1,1.193408529
未见合成,a2c_pointer,synthetic_test__map_020,0.5196825397,0.5196825397,1,1,1.162775531
未见合成,a2c_pointer,synthetic_test__map_021,0.4910289116,0.4910289116,1,1,1.089161631
未见合成,a2c_pointer,synthetic_test__map_022,0.474478458,0.474478458,1,1,0.9441129089
未见合成,a2c_pointer,synthetic_test__map_023,0.538404195,0.538404195,1,1,1.400020016
未见合成,aco,synthetic_test__map_000,0.536207483,0.536207483,1,1,113.6836367
未见合成,aco,synthetic_test__map_001,0.5232369615,0.5232369615,1,1,106.939348
未见合成,aco,synthetic_test__map_002,0.5771258503,0.5771258503,1,1,112.2367101
未见合成,aco,synthetic_test__map_003,0.5331689342,0.5331689342,1,1,97.97388202
未见合成,aco,synthetic_test__map_004,0.5504081633,0.5504081633,1,1,107.1891226
未见合成,aco,synthetic_test__map_005,0.5613321995,0.5613321995,1,1,102.0166883
未见合成,aco,synthetic_test__map_006,0.5680187075,0.5680187075,1,1,102.1508169
未见合成,aco,synthetic_test__map_007,0.5656774376,0.5656774376,1,1,98.44212628
未见合成,aco,synthetic_test__map_008,0.5239852608,0.5239852608,1,1,103.4144372
未见合成,aco,synthetic_test__map_009,0.5759410431,0.5759410431,1,1,91.88376121
未见合成,aco,synthetic_test__map_010,0.5528543084,0.5528543084,1,1,81.05051491
未见合成,aco,synthetic_test__map_011,0.5563690476,0.5563690476,1,1,63.53002883
未见合成,aco,synthetic_test__map_012,0.5202636054,0.5202636054,1,1,66.51325768
未见合成,aco,synthetic_test__map_013,0.5395323129,0.5395323129,1,1,66.30651556
未见合成,aco,synthetic_test__map_014,0.5372930839,0.5372930839,1,1,64.16013318
未见合成,aco,synthetic_test__map_015,0.5273072562,0.5273072562,1,1,63.77052653
未见合成,aco,synthetic_test__map_016,0.5521315193,0.5521315193,1,1,57.45120088
未见合成,aco,synthetic_test__map_017,0.5800821995,0.5800821995,1,1,54.52293038
未见合成,aco,synthetic_test__map_018,0.5556774376,0.5556774376,1,1,48.47009558
未见合成,aco,synthetic_test__map_019,0.5645946712,0.5645946712,1,1,47.32646581
未见合成,aco,synthetic_test__map_020,0.5620209751,0.5620209751,1,1,49.12168616
未见合成,aco,synthetic_test__map_021,0.5439880952,0.5439880952,1,1,47.33716231
未见合成,aco,synthetic_test__map_022,0.5776105442,0.5776105442,1,1,47.99208268
未见合成,aco,synthetic_test__map_023,0.5752891156,0.5752891156,1,1,47.34362271
未见合成,full,synthetic_test__map_000,0.5032397959,0.5032397959,1,1,1.18158912
未见合成,full,synthetic_test__map_001,0.4389767574,0.4389767574,1,1,1.027440578
未见合成,full,synthetic_test__map_002,0.5195464853,0.5195464853,1,1,1.156763424
未见合成,full,synthetic_test__map_003,0.4614512472,0.4614512472,1,1,1.295393967
未见合成,full,synthetic_test__map_004,0.5085515873,0.5085515873,1,1,1.155224156
未见合成,full,synthetic_test__map_005,0.5093310658,0.5093310658,1,1,1.117544704
未见合成,full,synthetic_test__map_006,0.5069699546,0.5069699546,1,1,1.079539089
未见合成,full,synthetic_test__map_007,0.4527636054,0.4527636054,1,1,1.254775907
未见合成,full,synthetic_test__map_008,0.4826190476,0.4826190476,1,1,1.127256153
未见合成,full,synthetic_test__map_009,0.4686422902,0.4686422902,1,1,1.187822716
未见合成,full,synthetic_test__map_010,0.4832086168,0.4832086168,1,1,1.100727267
未见合成,full,synthetic_test__map_011,0.461292517,0.461292517,1,1,1.308986542
未见合成,full,synthetic_test__map_012,0.4838321995,0.4838321995,1,1,1.130113151
未见合成,full,synthetic_test__map_013,0.4916411565,0.4916411565,1,1,1.058998147
未见合成,full,synthetic_test__map_014,0.4642772109,0.4642772109,1,1,0.9911650178
未见合成,full,synthetic_test__map_015,0.4770124717,0.4770124717,1,1,1.235170756
未见合成,full,synthetic_test__map_016,0.4988690476,0.4988690476,1,1,1.176184431
未见合成,full,synthetic_test__map_017,0.479484127,0.479484127,1,1,1.288938122
未见合成,full,synthetic_test__map_018,0.4969897959,0.4969897959,1,1,1.099683449
未见合成,full,synthetic_test__map_019,0.4674659864,0.4674659864,1,1,1.266268051
未见合成,full,synthetic_test__map_020,0.5212018141,0.5212018141,1,1,1.22362536
未见合成,full,synthetic_test__map_021,0.4809013605,0.4809013605,1,1,1.162168447
未见合成,full,synthetic_test__map_022,0.4729988662,0.4729988662,1,1,1.030024689
未见合成,full,synthetic_test__map_023,0.5278854875,0.5278854875,1,1,1.372093484
未见合成,ga,synthetic_test__map_000,0.5015362812,0.5015362812,1,1,5.714900911
未见合成,ga,synthetic_test__map_001,0.4707482993,0.4707482993,1,1,5.429307958
未见合成,ga,synthetic_test__map_002,0.4899433107,0.4899433107,1,1,5.498395833
未见合成,ga,synthetic_test__map_003,0.4827437642,0.4827437642,1,1,5.681565964
未见合成,ga,synthetic_test__map_004,0.5069047619,0.5069047619,1,1,5.595652891
未见合成,ga,synthetic_test__map_005,0.5185345805,0.5185345805,1,1,5.616868544
未见合成,ga,synthetic_test__map_006,0.4865646259,0.4865646259,1,1,5.433901784
未见合成,ga,synthetic_test__map_007,0.4511252834,0.4511252834,1,1,5.548709669
未见合成,ga,synthetic_test__map_008,0.4830753968,0.4830753968,1,1,5.640808138
未见合成,ga,synthetic_test__map_009,0.4887981859,0.4887981859,1,1,5.29675908
未见合成,ga,synthetic_test__map_010,0.4505810658,0.4505810658,1,1,4.868580082
未见合成,ga,synthetic_test__map_011,0.4792176871,0.4792176871,1,1,5.643522727
未见合成,ga,synthetic_test__map_012,0.4936933107,0.4936933107,1,1,5.636538313
未见合成,ga,synthetic_test__map_013,0.4828911565,0.4828911565,1,1,5.349253564
未见合成,ga,synthetic_test__map_014,0.4219274376,0.4219274376,1,1,5.148249856
未见合成,ga,synthetic_test__map_015,0.4575368481,0.4575368481,1,1,5.533912778
未见合成,ga,synthetic_test__map_016,0.5050623583,0.5050623583,1,1,5.661315198
未见合成,ga,synthetic_test__map_017,0.5275198413,0.5275198413,1,1,5.65307112
未见合成,ga,synthetic_test__map_018,0.4937698413,0.4937698413,1,1,5.467844778
未见合成,ga,synthetic_test__map_019,0.500643424,0.500643424,1,1,5.642826711
未见合成,ga,synthetic_test__map_020,0.5208588435,0.5208588435,1,1,5.718290407
未见合成,ga,synthetic_test__map_021,0.4794331066,0.4794331066,1,1,5.501247304
未见合成,ga,synthetic_test__map_022,0.4899206349,0.4899206349,1,1,5.320743929
未见合成,ga,synthetic_test__map_023,0.5038265306,0.5038265306,1,1,5.752448564
未见合成,milp,synthetic_test__map_000,0.5581207483,0.5581207483,1,1,14.36368517
未见合成,milp,synthetic_test__map_001,0.5463151927,0.5463151927,1,1,29.40903873
未见合成,milp,synthetic_test__map_002,0.5989937642,0.5989937642,1,1,7.565945333
未见合成,milp,synthetic_test__map_003,0.5496456916,0.5496456916,1,1,29.56732579
未见合成,milp,synthetic_test__map_004,0.5722363946,0.5722363946,1,1,16.24141652
未见合成,milp,synthetic_test__map_005,0.5840419501,0.5840419501,1,1,24.04206166
未见合成,milp,synthetic_test__map_006,0.5909863946,0.5909863946,1,1,10.57077602
未见合成,milp,synthetic_test__map_007,0.5706207483,0.5706207483,1,1,32.39892637
未见合成,milp,synthetic_test__map_008,0.5485827664,0.5485827664,1,1,13.11023347
未见合成,milp,synthetic_test__map_009,0.5970946712,0.5970946712,1,1,30.91528946
未见合成,milp,synthetic_test__map_010,0.5804705215,0.5804705215,1,1,9.4364544
未见合成,milp,synthetic_test__map_011,0.5630243764,0.5630243764,1,1,34.98113814
未见合成,milp,synthetic_test__map_012,0.5395549887,0.5395549887,1,1,13.89677072
未见合成,milp,synthetic_test__map_013,0.5636763039,0.5636763039,1,1,17.92299324
未见合成,milp,synthetic_test__map_014,0.5489937642,0.5489937642,1,1,6.967432022
未见合成,milp,synthetic_test__map_015,0.5383503401,0.5383503401,1,1,26.72515757
未见合成,milp,synthetic_test__map_016,0.5798752834,0.5798752834,1,1,20.10405036
未见合成,milp,synthetic_test__map_017,0.5888038549,0.5888038549,1,1,32.20595981
未见合成,milp,synthetic_test__map_018,0.5761196145,0.5761196145,1,1,13.1328048
未见合成,milp,synthetic_test__map_019,0.572973356,0.572973356,1,1,28.69759817
未见合成,milp,synthetic_test__map_020,0.5933956916,0.5933956916,1,1,17.79260281
未见合成,milp,synthetic_test__map_021,0.5613095238,0.5613095238,1,1,25.092303
未见合成,milp,synthetic_test__map_022,0.6008928571,0.6008928571,1,1,7.9932058
未见合成,milp,synthetic_test__map_023,0.581547619,0.581547619,1,1,36.24370958
未见合成,nearest_feasible,synthetic_test__map_000,0.464526644,0.464526644,1,1,3.195332144
未见合成,nearest_feasible,synthetic_test__map_001,0.4309665533,0.4309665533,1,1,2.659296789
未见合成,nearest_feasible,synthetic_test__map_002,0.4686933107,0.4686933107,1,1,3.219475778
未见合成,nearest_feasible,synthetic_test__map_003,0.4516439909,0.4516439909,1,1,3.636188867
未见合成,nearest_feasible,synthetic_test__map_004,0.4740221088,0.4740221088,1,1,3.134311667
未见合成,nearest_feasible,synthetic_test__map_005,0.4405895692,0.4405895692,1,1,3.010546089
未见合成,nearest_feasible,synthetic_test__map_006,0.44611678,0.44611678,1,1,2.9803899
未见合成,nearest_feasible,synthetic_test__map_007,0.4530895692,0.4530895692,1,1,3.347300122
未见合成,nearest_feasible,synthetic_test__map_008,0.4769699546,0.4769699546,1,1,3.252428444
未见合成,nearest_feasible,synthetic_test__map_009,0.3728174603,0.3728174603,1,1,3.016421744
未见合成,nearest_feasible,synthetic_test__map_010,0.4854450113,0.4854450113,1,1,3.068669033
未见合成,nearest_feasible,synthetic_test__map_011,0.4557256236,0.4557256236,1,1,3.556424156
未见合成,nearest_feasible,synthetic_test__map_012,0.4080924036,0.4080924036,1,1,3.241170867
未见合成,nearest_feasible,synthetic_test__map_013,0.4272534014,0.4272534014,1,1,2.963242478
未见合成,nearest_feasible,synthetic_test__map_014,0.4105017007,0.4105017007,1,1,2.869595822
未见合成,nearest_feasible,synthetic_test__map_015,0.4643849206,0.4643849206,1,1,3.553335911
未见合成,nearest_feasible,synthetic_test__map_016,0.5089143991,0.5089143991,1,1,3.399368444
未见合成,nearest_feasible,synthetic_test__map_017,0.4664115646,0.4664115646,1,1,3.418343244
未见合成,nearest_feasible,synthetic_test__map_018,0.3986536281,0.3986536281,1,1,2.876112422
未见合成,nearest_feasible,synthetic_test__map_019,0.4528486395,0.4528486395,1,1,3.454701067
未见合成,nearest_feasible,synthetic_test__map_020,0.483319161,0.483319161,1,1,3.316547667
未见合成,nearest_feasible,synthetic_test__map_021,0.462755102,0.462755102,1,1,3.148522767
未见合成,nearest_feasible,synthetic_test__map_022,0.4660997732,0.4660997732,1,1,2.843269278
未见合成,nearest_feasible,synthetic_test__map_023,0.5242346939,0.5242346939,1,1,3.572028889
未见合成,no_domain_randomization,synthetic_test__map_000,0.4848157596,0.4848157596,1,1,1.182062731
未见合成,no_domain_randomization,synthetic_test__map_001,0.4519472789,0.4519472789,1,1,1.052649978
未见合成,no_domain_randomization,synthetic_test__map_002,0.5339795918,0.5339795918,1,1,1.211922067
未见合成,no_domain_randomization,synthetic_test__map_003,0.455042517,0.455042517,1,1,1.337329184
未见合成,no_domain_randomization,synthetic_test__map_004,0.513707483,0.513707483,1,1,1.213318373
未见合成,no_domain_randomization,synthetic_test__map_005,0.496425737,0.496425737,1,1,1.120354302
未见合成,no_domain_randomization,synthetic_test__map_006,0.524478458,0.524478458,1,1,1.135952787
未见合成,no_domain_randomization,synthetic_test__map_007,0.4604195011,0.4604195011,1,1,1.3567961
未见合成,no_domain_randomization,synthetic_test__map_008,0.4825538549,0.4825538549,1,1,1.225131418
未见合成,no_domain_randomization,synthetic_test__map_009,0.4528684807,0.4528684807,1,1,1.236053189
未见合成,no_domain_randomization,synthetic_test__map_010,0.4927636054,0.4927636054,1,1,1.195348604
未见合成,no_domain_randomization,synthetic_test__map_011,0.4650226757,0.4650226757,1,1,1.39799448
未见合成,no_domain_randomization,synthetic_test__map_012,0.4793055556,0.4793055556,1,1,1.206412973
未见合成,no_domain_randomization,synthetic_test__map_013,0.4814285714,0.4814285714,1,1,1.130869482
未见合成,no_domain_randomization,synthetic_test__map_014,0.4483645125,0.4483645125,1,1,1.047604916
未见合成,no_domain_randomization,synthetic_test__map_015,0.4663010204,0.4663010204,1,1,1.324546062
未见合成,no_domain_randomization,synthetic_test__map_016,0.5000453515,0.5000453515,1,1,1.247328076
未见合成,no_domain_randomization,synthetic_test__map_017,0.4742346939,0.4742346939,1,1,1.343621078
未见合成,no_domain_randomization,synthetic_test__map_018,0.5083843537,0.5083843537,1,1,1.170525778
未见合成,no_domain_randomization,synthetic_test__map_019,0.4645975057,0.4645975057,1,1,1.303516367
未见合成,no_domain_randomization,synthetic_test__map_020,0.5023441043,0.5023441043,1,1,1.221477238
未见合成,no_domain_randomization,synthetic_test__map_021,0.4909665533,0.4909665533,1,1,1.211956249
未见合成,no_domain_randomization,synthetic_test__map_022,0.4844926304,0.4844926304,1,1,1.065550907
未见合成,no_domain_randomization,synthetic_test__map_023,0.5159977324,0.5159977324,1,1,1.418927547
未见合成,no_priority_bias,synthetic_test__map_000,0.5037585034,0.5037585034,1,1,1.205633409
未见合成,no_priority_bias,synthetic_test__map_001,0.4326247166,0.4326247166,1,1,1.043290664
未见合成,no_priority_bias,synthetic_test__map_002,0.5283049887,0.5283049887,1,1,1.195939147
未见合成,no_priority_bias,synthetic_test__map_003,0.4726360544,0.4726360544,1,1,1.33936862
未见合成,no_priority_bias,synthetic_test__map_004,0.505303288,0.505303288,1,1,1.155884669
未见合成,no_priority_bias,synthetic_test__map_005,0.5101842404,0.5101842404,1,1,1.126267507
未见合成,no_priority_bias,synthetic_test__map_006,0.4908786848,0.4908786848,1,1,1.039767427
未见合成,no_priority_bias,synthetic_test__map_007,0.4617913832,0.4617913832,1,1,1.272879029
未见合成,no_priority_bias,synthetic_test__map_008,0.4740929705,0.4740929705,1,1,1.116541736
未见合成,no_priority_bias,synthetic_test__map_009,0.4598412698,0.4598412698,1,1,1.200114802
未见合成,no_priority_bias,synthetic_test__map_010,0.483319161,0.483319161,1,1,1.119724898
未见合成,no_priority_bias,synthetic_test__map_011,0.4830895692,0.4830895692,1,1,1.381746613
未见合成,no_priority_bias,synthetic_test__map_012,0.4853684807,0.4853684807,1,1,1.157876647
未见合成,no_priority_bias,synthetic_test__map_013,0.5008786848,0.5008786848,1,1,1.103506644
未见合成,no_priority_bias,synthetic_test__map_014,0.455297619,0.455297619,1,1,0.99709434
未见合成,no_priority_bias,synthetic_test__map_015,0.458579932,0.458579932,1,1,1.275487011
未见合成,no_priority_bias,synthetic_test__map_016,0.5039058957,0.5039058957,1,1,1.211626929
未见合成,no_priority_bias,synthetic_test__map_017,0.4848809524,0.4848809524,1,1,1.314080989
未见合成,no_priority_bias,synthetic_test__map_018,0.494526644,0.494526644,1,1,1.106491262
未见合成,no_priority_bias,synthetic_test__map_019,0.4586989796,0.4586989796,1,1,1.256756104
未见合成,no_priority_bias,synthetic_test__map_020,0.518100907,0.518100907,1,1,1.21369606
未见合成,no_priority_bias,synthetic_test__map_021,0.4747534014,0.4747534014,1,1,1.147455216
未见合成,no_priority_bias,synthetic_test__map_022,0.4705357143,0.4705357143,1,1,0.9995462133
未见合成,no_priority_bias,synthetic_test__map_023,0.5234240363,0.5234240363,1,1,1.454105313
未见合成,no_resource_shaping,synthetic_test__map_000,0.5021003401,0.5021003401,1,1,1.1880851
未见合成,no_resource_shaping,synthetic_test__map_001,0.43861678,0.43861678,1,1,1.031816207
未见合成,no_resource_shaping,synthetic_test__map_002,0.5192318594,0.5192318594,1,1,1.187378793
未见合成,no_resource_shaping,synthetic_test__map_003,0.4714314059,0.4714314059,1,1,1.337327451
未见合成,no_resource_shaping,synthetic_test__map_004,0.5039342404,0.5039342404,1,1,1.200522556
未见合成,no_resource_shaping,synthetic_test__map_005,0.5148752834,0.5148752834,1,1,1.1674631
未见合成,no_resource_shaping,synthetic_test__map_006,0.5042828798,0.5042828798,1,1,1.124050911
未见合成,no_resource_shaping,synthetic_test__map_007,0.452244898,0.452244898,1,1,1.333028578
未见合成,no_resource_shaping,synthetic_test__map_008,0.4766666667,0.4766666667,1,1,1.187747176
未见合成,no_resource_shaping,synthetic_test__map_009,0.4715873016,0.4715873016,1,1,1.276521451
未见合成,no_resource_shaping,synthetic_test__map_010,0.4793112245,0.4793112245,1,1,1.138521644
未见合成,no_resource_shaping,synthetic_test__map_011,0.4706689342,0.4706689342,1,1,1.383908842
未见合成,no_resource_shaping,synthetic_test__map_012,0.4873412698,0.4873412698,1,1,1.152483156
未见合成,no_resource_shaping,synthetic_test__map_013,0.4816780045,0.4816780045,1,1,1.066145204
未见合成,no_resource_shaping,synthetic_test__map_014,0.460649093,0.460649093,1,1,0.9329762089
未见合成,no_resource_shaping,synthetic_test__map_015,0.4694387755,0.4694387755,1,1,1.169120687
未见合成,no_resource_shaping,synthetic_test__map_016,0.491037415,0.491037415,1,1,1.119328238
未见合成,no_resource_shaping,synthetic_test__map_017,0.47625,0.47625,1,1,1.246572451
未见合成,no_resource_shaping,synthetic_test__map_018,0.4996371882,0.4996371882,1,1,1.049911418
未见合成,no_resource_shaping,synthetic_test__map_019,0.4486734694,0.4486734694,1,1,1.206627104
未见合成,no_resource_shaping,synthetic_test__map_020,0.5212840136,0.5212840136,1,1,1.182654204
未见合成,no_resource_shaping,synthetic_test__map_021,0.4720890023,0.4720890023,1,1,1.090945951
未见合成,no_resource_shaping,synthetic_test__map_022,0.4795153061,0.4795153061,1,1,0.99113286
未见合成,no_resource_shaping,synthetic_test__map_023,0.5241553288,0.5241553288,1,1,1.352567942
未见合成,no_return_reserve,synthetic_test__map_000,0.1313520408,0.1313520408,1,1,0.4005203311
未见合成,no_return_reserve,synthetic_test__map_001,0.1035345805,0.1035345805,1,1,0.3597815911
未见合成,no_return_reserve,synthetic_test__map_002,0.09425170068,0.09425170068,1,1,0.3762160444
未见合成,no_return_reserve,synthetic_test__map_003,0.1305385488,0.1305385488,1,1,0.4660088911
未见合成,no_return_reserve,synthetic_test__map_004,0.1229620181,0.1229620181,1,1,0.3915458289
未见合成,no_return_reserve,synthetic_test__map_005,0.1337244898,0.1337244898,1,1,0.3949161089
未见合成,no_return_reserve,synthetic_test__map_006,0.0885600907,0.0885600907,1,1,0.34151516
未见合成,no_return_reserve,synthetic_test__map_007,0.1008503401,0.1008503401,1,1,0.3796073978
未见合成,no_return_reserve,synthetic_test__map_008,0.1256094104,0.1256094104,1,1,0.3951816111
未见合成,no_return_reserve,synthetic_test__map_009,0.08674603175,0.08674603175,1,1,0.3553176267
未见合成,no_return_reserve,synthetic_test__map_010,0.1206094104,0.1206094104,1,1,0.3793812356
未见合成,no_return_reserve,synthetic_test__map_011,0.1290164399,0.1290164399,1,1,0.4557165844
未见合成,no_return_reserve,synthetic_test__map_012,0.133925737,0.133925737,1,1,0.3931368333
未见合成,no_return_reserve,synthetic_test__map_013,0.09959750567,0.09959750567,1,1,0.3430633111
未见合成,no_return_reserve,synthetic_test__map_014,0.07878401361,0.07878401361,1,1,0.3031055978
未见合成,no_return_reserve,synthetic_test__map_015,0.08490646259,0.08490646259,1,1,0.36476016
未见合成,no_return_reserve,synthetic_test__map_016,0.1241780045,0.1241780045,1,1,0.3901288933
未见合成,no_return_reserve,synthetic_test__map_017,0.1189087302,0.1189087302,1,1,0.4010634778
未见合成,no_return_reserve,synthetic_test__map_018,0.08612244898,0.08612244898,1,1,0.3277238289
未见合成,no_return_reserve,synthetic_test__map_019,0.1091411565,0.1091411565,1,1,0.3813434711
未见合成,no_return_reserve,synthetic_test__map_020,0.1412386621,0.1412386621,1,1,0.4175201333
未见合成,no_return_reserve,synthetic_test__map_021,0.1237613379,0.1237613379,1,1,0.3634815133
未见合成,no_return_reserve,synthetic_test__map_022,0.1223809524,0.1223809524,1,1,0.3717888622
未见合成,no_return_reserve,synthetic_test__map_023,0.1296003401,0.1296003401,1,1,0.4647685556
未见合成,priority_resource_greedy,synthetic_test__map_000,0.4920634921,0.4920634921,1,1,3.105776578
未见合成,priority_resource_greedy,synthetic_test__map_001,0.3809807256,0.3809807256,1,1,2.595953756
未见合成,priority_resource_greedy,synthetic_test__map_002,0.4611394558,0.4611394558,1,1,3.072992344
未见合成,priority_resource_greedy,synthetic_test__map_003,0.4342120181,0.4342120181,1,1,3.415757589
未见合成,priority_resource_greedy,synthetic_test__map_004,0.4748015873,0.4748015873,1,1,3.013945411
未见合成,priority_resource_greedy,synthetic_test__map_005,0.4448554422,0.4448554422,1,1,2.940089044
未见合成,priority_resource_greedy,synthetic_test__map_006,0.4121598639,0.4121598639,1,1,2.815237167
未见合成,priority_resource_greedy,synthetic_test__map_007,0.4636054422,0.4636054422,1,1,3.275569478
未见合成,priority_resource_greedy,synthetic_test__map_008,0.4662840136,0.4662840136,1,1,3.154700067
未见合成,priority_resource_greedy,synthetic_test__map_009,0.4761337868,0.4761337868,1,1,3.086221289
未见合成,priority_resource_greedy,synthetic_test__map_010,0.4361394558,0.4361394558,1,1,2.875440578
未见合成,priority_resource_greedy,synthetic_test__map_011,0.4841553288,0.4841553288,1,1,3.490460644
未见合成,priority_resource_greedy,synthetic_test__map_012,0.4658163265,0.4658163265,1,1,3.085350989
未见合成,priority_resource_greedy,synthetic_test__map_013,0.4531320862,0.4531320862,1,1,2.988423478
未见合成,priority_resource_greedy,synthetic_test__map_014,0.4411848073,0.4411848073,1,1,2.7848516
未见合成,priority_resource_greedy,synthetic_test__map_015,0.2893707483,0.2893707483,1,1,3.198815411
未见合成,priority_resource_greedy,synthetic_test__map_016,0.4652636054,0.4652636054,1,1,3.260825978
未见合成,priority_resource_greedy,synthetic_test__map_017,0.452154195,0.452154195,1,1,3.242078511
未见合成,priority_resource_greedy,synthetic_test__map_018,0.4582199546,0.4582199546,1,1,2.917482089
未见合成,priority_resource_greedy,synthetic_test__map_019,0.4147108844,0.4147108844,1,1,3.248883844
未见合成,priority_resource_greedy,synthetic_test__map_020,0.4861394558,0.4861394558,1,1,3.273800322
未见合成,priority_resource_greedy,synthetic_test__map_021,0.494005102,0.494005102,1,1,3.122791
未见合成,priority_resource_greedy,synthetic_test__map_022,0.466978458,0.466978458,1,1,2.814649989
未见合成,priority_resource_greedy,synthetic_test__map_023,0.508361678,0.508361678,1,1,3.521028711
未见合成,sa,synthetic_test__map_000,0.5459750567,0.5459750567,1,1,3.957330253
未见合成,sa,synthetic_test__map_001,0.5301445578,0.5301445578,1,1,3.675092451
未见合成,sa,synthetic_test__map_002,0.5668679138,0.5668679138,1,1,3.853907753
未见合成,sa,synthetic_test__map_003,0.5257001134,0.5257001134,1,1,3.888847827
未见合成,sa,synthetic_test__map_004,0.5503429705,0.5503429705,1,1,3.904198638
未见合成,sa,synthetic_test__map_005,0.5705442177,0.5705442177,1,1,3.856491744
未见合成,sa,synthetic_test__map_006,0.5634637188,0.5634637188,1,1,3.733528122
未见合成,sa,synthetic_test__map_007,0.5274688209,0.5274688209,1,1,3.821837716
未见合成,sa,synthetic_test__map_008,0.52638322,0.52638322,1,1,3.966603553
未见合成,sa,synthetic_test__map_009,0.5568877551,0.5568877551,1,1,3.850740851
未见合成,sa,synthetic_test__map_010,0.5330980726,0.5330980726,1,1,3.764570411
未见合成,sa,synthetic_test__map_011,0.5365617914,0.5365617914,1,1,3.961094491
未见合成,sa,synthetic_test__map_012,0.5165702948,0.5165702948,1,1,3.902672013
未见合成,sa,synthetic_test__map_013,0.5329591837,0.5329591837,1,1,3.746072793
未见合成,sa,synthetic_test__map_014,0.4970379819,0.4970379819,1,1,3.532876927
未见合成,sa,synthetic_test__map_015,0.4974943311,0.4974943311,1,1,3.735640807
未见合成,sa,synthetic_test__map_016,0.5456150794,0.5456150794,1,1,3.910855367
未见合成,sa,synthetic_test__map_017,0.5826842404,0.5826842404,1,1,3.932020256
未见合成,sa,synthetic_test__map_018,0.5576984127,0.5576984127,1,1,3.725591242
未见合成,sa,synthetic_test__map_019,0.5574121315,0.5574121315,1,1,3.888365076
未见合成,sa,synthetic_test__map_020,0.5632993197,0.5632993197,1,1,3.919192904
未见合成,sa,synthetic_test__map_021,0.5301558957,0.5301558957,1,1,3.772312842
未见合成,sa,synthetic_test__map_022,0.5590391156,0.5590391156,1,1,3.654537138
未见合成,sa,synthetic_test__map_023,0.5735770975,0.5735770975,1,1,4.002522567
未见合成,traditional_ppo,synthetic_test__map_000,0.294872449,0.294872449,1,1,0.7462634489
未见合成,traditional_ppo,synthetic_test__map_001,0.2681972789,0.2681972789,1,1,0.6557470222
未见合成,traditional_ppo,synthetic_test__map_002,0.269696712,0.269696712,1,1,0.7003094556
未见合成,traditional_ppo,synthetic_test__map_003,0.2355725624,0.2355725624,1,1,0.7175984244
未见合成,traditional_ppo,synthetic_test__map_004,0.2866326531,0.2866326531,1,1,0.71760348
未见合成,traditional_ppo,synthetic_test__map_005,0.2729591837,0.2729591837,1,1,0.6870036178
未见合成,traditional_ppo,synthetic_test__map_006,0.2435005669,0.2435005669,1,1,0.6316325022
未见合成,traditional_ppo,synthetic_test__map_007,0.2735629252,0.2735629252,1,1,0.7518074956
未见合成,traditional_ppo,synthetic_test__map_008,0.2974178005,0.2974178005,1,1,0.7278539511
未见合成,traditional_ppo,synthetic_test__map_009,0.2543764172,0.2543764172,1,1,0.6639232133
未见合成,traditional_ppo,synthetic_test__map_010,0.2415617914,0.2415617914,1,1,0.6026848378
未见合成,traditional_ppo,synthetic_test__map_011,0.2783361678,0.2783361678,1,1,0.7625603822
未见合成,traditional_ppo,synthetic_test__map_012,0.2917687075,0.2917687075,1,1,0.7103048022
未见合成,traditional_ppo,synthetic_test__map_013,0.2609410431,0.2609410431,1,1,0.6119122244
未见合成,traditional_ppo,synthetic_test__map_014,0.2335260771,0.2335260771,1,1,0.5582169156
未见合成,traditional_ppo,synthetic_test__map_015,0.2513151927,0.2513151927,1,1,0.6925500867
未见合成,traditional_ppo,synthetic_test__map_016,0.2853628118,0.2853628118,1,1,0.7433432867
未见合成,traditional_ppo,synthetic_test__map_017,0.2791099773,0.2791099773,1,1,0.7126311533
未见合成,traditional_ppo,synthetic_test__map_018,0.2462726757,0.2462726757,1,1,0.6426250489
未见合成,traditional_ppo,synthetic_test__map_019,0.257675737,0.257675737,1,1,0.7154355244
未见合成,traditional_ppo,synthetic_test__map_020,0.3040419501,0.3040419501,1,1,0.7254653867
未见合成,traditional_ppo,synthetic_test__map_021,0.2829365079,0.2829365079,1,1,0.6639552889
未见合成,traditional_ppo,synthetic_test__map_022,0.2728486395,0.2728486395,1,1,0.6300946267
未见合成,traditional_ppo,synthetic_test__map_023,0.2648214286,0.2648214286,1,1,0.7788537867
真实DSM,a2c_pointer,cn_guizhou_karst,0.4921768707,0.4921768707,1,1,1.26714294
真实DSM,a2c_pointer,cn_hengduan,0.4913435374,0.4913435374,1,1,1.175467187
真实DSM,a2c_pointer,cn_qinling,0.5220068027,0.5220068027,1,1,0.9905315178
真实DSM,a2c_pointer,cn_taihang,0.4972859977,0.4972859977,1,1,1.213032572
真实DSM,a2c_pointer,global_alps,0.5060274943,0.5060274943,1,1,1.129919222
真实DSM,a2c_pointer,global_colorado_rockies,0.5261678005,0.5261678005,1,1,1.341672913
真实DSM,a2c_pointer,global_peruvian_andes,0.4976842404,0.4976842404,1,1,1.373686206
真实DSM,a2c_pointer,global_southern_alps_nz,0.4869614512,0.4869614512,1,1,1.140324953
真实DSM,aco,cn_guizhou_karst,0.5490929705,0.5490929705,1,1,46.3854353
真实DSM,aco,cn_hengduan,0.5606972789,0.5606972789,1,1,46.95393403
真实DSM,aco,cn_qinling,0.5771485261,0.5771485261,1,1,46.66578049
真实DSM,aco,cn_taihang,0.5599206349,0.5599206349,1,1,46.15838825
真实DSM,aco,global_alps,0.5607851474,0.5607851474,1,1,47.7408336
真实DSM,aco,global_colorado_rockies,0.5813081066,0.5813081066,1,1,45.56245201
真实DSM,aco,global_peruvian_andes,0.5449263039,0.5449263039,1,1,42.42490089
真实DSM,aco,global_southern_alps_nz,0.5455626417,0.5455626417,1,1,46.54086475
真实DSM,full,cn_guizhou_karst,0.4937514172,0.4937514172,1,1,1.298274121
真实DSM,full,cn_hengduan,0.5018339002,0.5018339002,1,1,1.211548924
真实DSM,full,cn_qinling,0.5151799887,0.5151799887,1,1,1.009881784
真实DSM,full,cn_taihang,0.4994430272,0.4994430272,1,1,1.212424226
真实DSM,full,global_alps,0.5063888889,0.5063888889,1,1,1.148453586
真实DSM,full,global_colorado_rockies,0.5160898526,0.5160898526,1,1,1.308358769
真实DSM,full,global_peruvian_andes,0.4967871315,0.4967871315,1,1,1.410347809
真实DSM,full,global_southern_alps_nz,0.4900779478,0.4900779478,1,1,1.182470846
真实DSM,milp,cn_guizhou_karst,0.5799886621,0.5799886621,1,1,9.249556478
真实DSM,milp,cn_hengduan,0.5852891156,0.5852891156,1,1,11.48245524
真实DSM,milp,cn_qinling,0.6047548186,0.6047548186,1,1,8.027997117
真实DSM,milp,cn_taihang,0.5848001701,0.5848001701,1,1,15.08970145
真实DSM,milp,global_alps,0.5890376984,0.5890376984,1,1,9.69022155
真实DSM,milp,global_colorado_rockies,0.5886904762,0.5886904762,1,1,19.46529137
真实DSM,milp,global_peruvian_andes,0.5577947846,0.5577947846,1,1,35.2288573
真实DSM,milp,global_southern_alps_nz,0.5731363379,0.5731363379,1,1,16.57123504
真实DSM,nearest_feasible,cn_guizhou_karst,0.4307256236,0.4307256236,1,1,3.337918472
真实DSM,nearest_feasible,cn_hengduan,0.5057610544,0.5057610544,1,1,3.184654761
真实DSM,nearest_feasible,cn_qinling,0.5006023243,0.5006023243,1,1,2.314503606
真实DSM,nearest_feasible,cn_taihang,0.4654478458,0.4654478458,1,1,2.945516944
真实DSM,nearest_feasible,global_alps,0.4889597506,0.4889597506,1,1,2.8464317
真实DSM,nearest_feasible,global_colorado_rockies,0.5199971655,0.5199971655,1,1,3.233334389
真实DSM,nearest_feasible,global_peruvian_andes,0.4814413265,0.4814413265,1,1,3.424910178
真实DSM,nearest_feasible,global_southern_alps_nz,0.4818310658,0.4818310658,1,1,3.07216165
真实DSM,no_domain_randomization,cn_guizhou_karst,0.4906717687,0.4906717687,1,1,1.343616983
真实DSM,no_domain_randomization,cn_hengduan,0.5062032313,0.5062032313,1,1,1.276916696
真实DSM,no_domain_randomization,cn_qinling,0.5148568594,0.5148568594,1,1,1.014674098
真实DSM,no_domain_randomization,cn_taihang,0.4840008503,0.4840008503,1,1,1.236833051
真实DSM,no_domain_randomization,global_alps,0.5108971088,0.5108971088,1,1,1.194796722
真实DSM,no_domain_randomization,global_colorado_rockies,0.5161366213,0.5161366213,1,1,1.322090308
真实DSM,no_domain_randomization,global_peruvian_andes,0.48986678,0.48986678,1,1,1.438129179
真实DSM,no_domain_randomization,global_southern_alps_nz,0.4994827098,0.4994827098,1,1,1.225156769
真实DSM,no_priority_bias,cn_guizhou_karst,0.4885345805,0.4885345805,1,1,1.31926191
真实DSM,no_priority_bias,cn_hengduan,0.501832483,0.501832483,1,1,1.237157257
真实DSM,no_priority_bias,cn_qinling,0.5083205782,0.5083205782,1,1,0.9946157789
真实DSM,no_priority_bias,cn_taihang,0.5014838435,0.5014838435,1,1,1.17970427
真实DSM,no_priority_bias,global_alps,0.5009722222,0.5009722222,1,1,1.16499768
真实DSM,no_priority_bias,global_colorado_rockies,0.5235161565,0.5235161565,1,1,1.346045473
真实DSM,no_priority_bias,global_peruvian_andes,0.5027480159,0.5027480159,1,1,1.422957862
真实DSM,no_priority_bias,global_southern_alps_nz,0.4971471088,0.4971471088,1,1,1.194227364
真实DSM,no_resource_shaping,cn_guizhou_karst,0.4885700113,0.4885700113,1,1,1.308165536
真实DSM,no_resource_shaping,cn_hengduan,0.4968891723,0.4968891723,1,1,1.214417711
真实DSM,no_resource_shaping,cn_qinling,0.5175269274,0.5175269274,1,1,1.010591727
真实DSM,no_resource_shaping,cn_taihang,0.4997434807,0.4997434807,1,1,1.208745482
真实DSM,no_resource_shaping,global_alps,0.5092361111,0.5092361111,1,1,1.142534396
真实DSM,no_resource_shaping,global_colorado_rockies,0.5163081066,0.5163081066,1,1,1.315272423
真实DSM,no_resource_shaping,global_peruvian_andes,0.5003316327,0.5003316327,1,1,1.405283726
真实DSM,no_resource_shaping,global_southern_alps_nz,0.4901884921,0.4901884921,1,1,1.149058124
真实DSM,no_return_reserve,cn_guizhou_karst,0.1202040816,0.1202040816,1,1,0.4685376267
真实DSM,no_return_reserve,cn_hengduan,0.1004280045,0.1004280045,1,1,0.4033925256
真实DSM,no_return_reserve,cn_qinling,0.09957624717,0.102524093,0.9888888889,0.9888888889,0.3909075422
真实DSM,no_return_reserve,cn_taihang,0.1042346939,0.1042346939,1,1,0.4110806922
真实DSM,no_return_reserve,global_alps,0.1049560658,0.1049560658,1,1,0.3996882722
真实DSM,no_return_reserve,global_colorado_rockies,0.130952381,0.1337301587,0.9888888889,0.9888888889,0.5296408111
真实DSM,no_return_reserve,global_peruvian_andes,0.1426232993,0.1426232993,1,1,0.5576231689
真实DSM,no_return_reserve,global_southern_alps_nz,0.09357851474,0.09357851474,1,1,0.3809993389
真实DSM,priority_resource_greedy,cn_guizhou_karst,0.472087585,0.472087585,1,1,3.334018528
真实DSM,priority_resource_greedy,cn_hengduan,0.4611181973,0.4611181973,1,1,3.045492239
真实DSM,priority_resource_greedy,cn_qinling,0.4371173469,0.4371173469,1,1,2.245789033
真实DSM,priority_resource_greedy,cn_taihang,0.4794075964,0.4794075964,1,1,2.870521128
真实DSM,priority_resource_greedy,global_alps,0.4719529478,0.4719529478,1,1,2.668087744
真实DSM,priority_resource_greedy,global_colorado_rockies,0.4852111678,0.4852111678,1,1,3.149747783
真实DSM,priority_resource_greedy,global_peruvian_andes,0.4970663265,0.4970663265,1,1,3.318750006
真实DSM,priority_resource_greedy,global_southern_alps_nz,0.4393424036,0.4393424036,1,1,2.951196244
真实DSM,traditional_ppo,cn_guizhou_karst,0.2487514172,0.2487514172,1,1,0.7699363056
真实DSM,traditional_ppo,cn_hengduan,0.2769855442,0.2769855442,1,1,0.77640156
真实DSM,traditional_ppo,cn_qinling,0.2713647959,0.2713647959,1,1,0.6195342456
真实DSM,traditional_ppo,cn_taihang,0.2549631519,0.2549631519,1,1,0.7077261144
真实DSM,traditional_ppo,global_alps,0.269763322,0.269763322,1,1,0.7439770611
真实DSM,traditional_ppo,global_colorado_rockies,0.2718877551,0.2718877551,1,1,0.75542354
真实DSM,traditional_ppo,global_peruvian_andes,0.2564611678,0.2564611678,1,1,0.7539762722
真实DSM,traditional_ppo,global_southern_alps_nz,0.2763052721,0.2763052721,1,1,0.7044339067
