family,task_id,solver_success,optimality_certified,solver_gap,solver_dual_bound,planner_status,planning_time_s
synthetic_main_baselines,synthetic_test__synthetic_test__map_000__task_00,True,True,0,0.6615371649,ok,3.8057035
synthetic_main_baselines,synthetic_test__synthetic_test__map_000__task_01,True,True,0,0.4806323383,ok,1.4303035
synthetic_main_baselines,synthetic_test__synthetic_test__map_000__task_02,True,True,0,0.3030112263,ok,5.5128888
synthetic_main_baselines,synthetic_test__synthetic_test__map_000__task_03,True,True,0,0.5378042447,ok,12.1807017
synthetic_main_baselines,synthetic_test__synthetic_test__map_000__task_04,True,True,0,0.4771678159,ok,19.9245539
synthetic_main_baselines,synthetic_test__synthetic_test__map_000__task_05,True,True,0,0.2042583724,ok,2.182579
synthetic_main_baselines,synthetic_test__synthetic_test__map_000__task_06,True,True,0,0.5687066981,ok,39.8039509
synthetic_main_baselines,synthetic_test__synthetic_test__map_000__task_07,True,True,0,0.348296101,ok,40.752832
synthetic_main_baselines,synthetic_test__synthetic_test__map_000__task_08,True,True,0,0.1338894688,ok,3.6796532
synthetic_main_baselines,synthetic_test__synthetic_test__map_001__task_00,True,True,0,0.5987275408,ok,35.1770654
synthetic_main_baselines,synthetic_test__synthetic_test__map_001__task_01,True,True,0,0.4005838407,ok,7.4835364
synthetic_main_baselines,synthetic_test__synthetic_test__map_001__task_02,True,True,0,0.1189008797,ok,1.4561513
synthetic_main_baselines,synthetic_test__synthetic_test__map_001__task_03,True,True,0,0.5881950303,ok,41.3128079
synthetic_main_baselines,synthetic_test__synthetic_test__map_001__task_04,True,True,0,0.4045386729,ok,57.2970819
synthetic_main_baselines,synthetic_test__synthetic_test__map_001__task_05,True,True,0,0.2969515873,ok,11.307856
synthetic_main_baselines,synthetic_test__synthetic_test__map_001__task_06,False,False,0.099233947,0.5869865529,budget_exhausted,60.7723899
synthetic_main_baselines,synthetic_test__synthetic_test__map_001__task_07,True,True,0,0.4050444561,ok,37.2957394
synthetic_main_baselines,synthetic_test__synthetic_test__map_001__task_08,True,True,0,0.1744050692,ok,12.5787204
synthetic_main_baselines,synthetic_test__synthetic_test__map_002__task_00,True,True,0,0.6752025514,ok,8.1218035
synthetic_main_baselines,synthetic_test__synthetic_test__map_002__task_01,True,True,0,0.3571624927,ok,3.6516637
synthetic_main_baselines,synthetic_test__synthetic_test__map_002__task_02,True,True,0,0.3736808163,ok,4.8468393
synthetic_main_baselines,synthetic_test__synthetic_test__map_002__task_03,True,True,0,0.6519707561,ok,8.8746036
synthetic_main_baselines,synthetic_test__synthetic_test__map_002__task_04,True,True,0,0.5574468117,ok,9.3643514
synthetic_main_baselines,synthetic_test__synthetic_test__map_002__task_05,True,True,0,0.2411376668,ok,3.7153615
synthetic_main_baselines,synthetic_test__synthetic_test__map_002__task_06,True,True,0,0.6211402268,ok,16.4822481
synthetic_main_baselines,synthetic_test__synthetic_test__map_002__task_07,True,True,0,0.5704202714,ok,5.3322414
synthetic_main_baselines,synthetic_test__synthetic_test__map_002__task_08,True,True,0,0.2186472405,ok,7.7043955
synthetic_main_baselines,synthetic_test__synthetic_test__map_003__task_00,True,True,0,0.615831622,ok,24.4157153
synthetic_main_baselines,synthetic_test__synthetic_test__map_003__task_01,True,True,0,0.4667496669,ok,10.0943101
synthetic_main_baselines,synthetic_test__synthetic_test__map_003__task_02,True,True,0,0.2686384213,ok,6.6090554
synthetic_main_baselines,synthetic_test__synthetic_test__map_003__task_03,True,True,0,0.6243564789,ok,15.1657319
synthetic_main_baselines,synthetic_test__synthetic_test__map_003__task_04,True,True,0,0.3565454904,ok,31.4310997
synthetic_main_baselines,synthetic_test__synthetic_test__map_003__task_05,True,True,0,0.1666797504,ok,9.8866714
synthetic_main_baselines,synthetic_test__synthetic_test__map_003__task_06,False,False,0.1615578743,0.759937937,budget_exhausted,61.0468903
synthetic_main_baselines,synthetic_test__synthetic_test__map_003__task_07,False,False,0.3734167438,0.4907909836,budget_exhausted,60.8230515
synthetic_main_baselines,synthetic_test__synthetic_test__map_003__task_08,True,True,0,0.1052260672,ok,46.6334065
synthetic_main_baselines,synthetic_test__synthetic_test__map_004__task_00,True,True,0,0.6097969518,ok,7.371779
synthetic_main_baselines,synthetic_test__synthetic_test__map_004__task_01,True,True,0,0.4611782627,ok,13.5741986
synthetic_main_baselines,synthetic_test__synthetic_test__map_004__task_02,True,True,0,0.3520460011,ok,2.4340669
synthetic_main_baselines,synthetic_test__synthetic_test__map_004__task_03,True,True,0,0.5765131264,ok,25.117667
synthetic_main_baselines,synthetic_test__synthetic_test__map_004__task_04,True,True,0,0.4745198327,ok,15.8142829
synthetic_main_baselines,synthetic_test__synthetic_test__map_004__task_05,True,True,0,0.1991882585,ok,1.790905
synthetic_main_baselines,synthetic_test__synthetic_test__map_004__task_06,False,False,0.1360487551,0.6419794751,budget_exhausted,60.920717
synthetic_main_baselines,synthetic_test__synthetic_test__map_004__task_07,True,True,0,0.3157658451,ok,14.0607417
synthetic_main_baselines,synthetic_test__synthetic_test__map_004__task_08,True,True,0,0.2886622705,ok,5.0883906
synthetic_main_baselines,synthetic_test__synthetic_test__map_005__task_00,True,True,0,0.8263995421,ok,10.580195
synthetic_main_baselines,synthetic_test__synthetic_test__map_005__task_01,True,True,0,0.5272670539,ok,13.7422959
synthetic_main_baselines,synthetic_test__synthetic_test__map_005__task_02,True,True,0,0.2565474221,ok,7.1329744
synthetic_main_baselines,synthetic_test__synthetic_test__map_005__task_03,False,False,0.04308084141,0.6333643686,budget_exhausted,60.4767358
synthetic_main_baselines,synthetic_test__synthetic_test__map_005__task_04,True,True,0,0.5013902283,ok,50.412665
synthetic_main_baselines,synthetic_test__synthetic_test__map_005__task_05,True,True,0,0.2376497619,ok,6.4199034
synthetic_main_baselines,synthetic_test__synthetic_test__map_005__task_06,True,True,0,0.5657678626,ok,45.0412824
synthetic_main_baselines,synthetic_test__synthetic_test__map_005__task_07,True,True,0,0.4677192981,ok,12.0188013
synthetic_main_baselines,synthetic_test__synthetic_test__map_005__task_08,True,True,0,0.2748014874,ok,10.5537017
synthetic_main_baselines,synthetic_test__synthetic_test__map_006__task_00,True,True,0,0.7288293811,ok,2.404292
synthetic_main_baselines,synthetic_test__synthetic_test__map_006__task_01,True,True,0,0.4302969977,ok,3.009662
synthetic_main_baselines,synthetic_test__synthetic_test__map_006__task_02,True,True,0,0.3286937882,ok,5.9708327
synthetic_main_baselines,synthetic_test__synthetic_test__map_006__task_03,True,True,0,0.7274272626,ok,4.0965696
synthetic_main_baselines,synthetic_test__synthetic_test__map_006__task_04,True,True,0,0.4878995638,ok,3.9837639
synthetic_main_baselines,synthetic_test__synthetic_test__map_006__task_05,True,True,0,0.1225314699,ok,16.5313899
synthetic_main_baselines,synthetic_test__synthetic_test__map_006__task_06,True,True,0,0.5784005831,ok,7.7038116
synthetic_main_baselines,synthetic_test__synthetic_test__map_006__task_07,True,True,0,0.4494029191,ok,18.6962745
synthetic_main_baselines,synthetic_test__synthetic_test__map_006__task_08,True,True,0,0.266227155,ok,32.740388
synthetic_main_baselines,synthetic_test__synthetic_test__map_007__task_00,True,True,0,0.6673223808,ok,11.371268
synthetic_main_baselines,synthetic_test__synthetic_test__map_007__task_01,True,True,0,0.5500779943,ok,11.2867065
synthetic_main_baselines,synthetic_test__synthetic_test__map_007__task_02,True,True,0,0.2958473127,ok,7.2999355
synthetic_main_baselines,synthetic_test__synthetic_test__map_007__task_03,False,False,0.2439038654,0.7420935262,budget_exhausted,60.7909153
synthetic_main_baselines,synthetic_test__synthetic_test__map_007__task_04,False,False,0.4111545367,0.5332487628,budget_exhausted,60.5517073
synthetic_main_baselines,synthetic_test__synthetic_test__map_007__task_05,True,True,0,0.2281388367,ok,4.099232
synthetic_main_baselines,synthetic_test__synthetic_test__map_007__task_06,False,False,0.3553300077,0.7785379984,budget_exhausted,61.0974493
synthetic_main_baselines,synthetic_test__synthetic_test__map_007__task_07,False,False,0.5430722316,0.5100468406,budget_exhausted,60.8365788
synthetic_main_baselines,synthetic_test__synthetic_test__map_007__task_08,True,True,0,0.1465888546,ok,14.2565446
synthetic_main_baselines,synthetic_test__synthetic_test__map_008__task_00,True,True,0,0.6118183312,ok,8.2264364
synthetic_main_baselines,synthetic_test__synthetic_test__map_008__task_01,True,True,0,0.421344652,ok,2.7099447
synthetic_main_baselines,synthetic_test__synthetic_test__map_008__task_02,True,True,0,0.2710235722,ok,4.8836879
synthetic_main_baselines,synthetic_test__synthetic_test__map_008__task_03,True,True,0,0.5604191151,ok,23.5685051
synthetic_main_baselines,synthetic_test__synthetic_test__map_008__task_04,True,True,0,0.4565245162,ok,3.585056
synthetic_main_baselines,synthetic_test__synthetic_test__map_008__task_05,True,True,0,0.2740505949,ok,3.2016716
synthetic_main_baselines,synthetic_test__synthetic_test__map_008__task_06,False,False,0.1169239033,0.7319061196,budget_exhausted,60.9612493
synthetic_main_baselines,synthetic_test__synthetic_test__map_008__task_07,True,True,0,0.3245949343,ok,8.1702789
synthetic_main_baselines,synthetic_test__synthetic_test__map_008__task_08,True,True,0,0.1389270419,ok,2.6852713
synthetic_main_baselines,synthetic_test__synthetic_test__map_009__task_00,True,True,0,0.7898938697,ok,10.4111523
synthetic_main_baselines,synthetic_test__synthetic_test__map_009__task_01,True,True,0,0.5410070357,ok,15.9200255
synthetic_main_baselines,synthetic_test__synthetic_test__map_009__task_02,True,True,0,0.07284349006,ok,5.2421699
synthetic_main_baselines,synthetic_test__synthetic_test__map_009__task_03,True,True,0,0.7278947262,ok,42.2844299
synthetic_main_baselines,synthetic_test__synthetic_test__map_009__task_04,True,True,0,0.5106357342,ok,31.6305768
synthetic_main_baselines,synthetic_test__synthetic_test__map_009__task_05,True,True,0,0.2091554396,ok,12.9383574
synthetic_main_baselines,synthetic_test__synthetic_test__map_009__task_06,False,False,0.2018675374,0.7018281765,budget_exhausted,60.7368923
synthetic_main_baselines,synthetic_test__synthetic_test__map_009__task_07,True,True,0,0.4366030543,ok,51.387235
synthetic_main_baselines,synthetic_test__synthetic_test__map_009__task_08,True,True,0,0.2437404847,ok,47.686766
synthetic_main_baselines,synthetic_test__synthetic_test__map_010__task_00,True,True,0,0.7606977684,ok,3.6201214
synthetic_main_baselines,synthetic_test__synthetic_test__map_010__task_01,True,True,0,0.4231051706,ok,9.3169021
synthetic_main_baselines,synthetic_test__synthetic_test__map_010__task_02,True,True,0,0.1952426227,ok,8.5471845
synthetic_main_baselines,synthetic_test__synthetic_test__map_010__task_03,True,True,0,0.7110610774,ok,5.5427265
synthetic_main_baselines,synthetic_test__synthetic_test__map_010__task_04,True,True,0,0.491991,ok,16.9528056
synthetic_main_baselines,synthetic_test__synthetic_test__map_010__task_05,True,True,0,0.08764941652,ok,4.6612641
synthetic_main_baselines,synthetic_test__synthetic_test__map_010__task_06,True,True,0,0.6637392851,ok,17.6186349
synthetic_main_baselines,synthetic_test__synthetic_test__map_010__task_07,True,True,0,0.5000198639,ok,14.9129172
synthetic_main_baselines,synthetic_test__synthetic_test__map_010__task_08,True,True,0,0.3384094536,ok,3.7555333
synthetic_main_baselines,synthetic_test__synthetic_test__map_011__task_00,True,True,0,0.6151187291,ok,55.7001033
synthetic_main_baselines,synthetic_test__synthetic_test__map_011__task_01,True,True,0,0.4353245545,ok,8.9583944
synthetic_main_baselines,synthetic_test__synthetic_test__map_011__task_02,True,True,0,0.3534953448,ok,12.2262033
synthetic_main_baselines,synthetic_test__synthetic_test__map_011__task_03,False,False,0.2031472044,0.700569823,budget_exhausted,60.7162143
synthetic_main_baselines,synthetic_test__synthetic_test__map_011__task_04,True,True,0,0.3948712081,ok,9.7252512
synthetic_main_baselines,synthetic_test__synthetic_test__map_011__task_05,True,True,0,0.2454293643,ok,26.5758114
synthetic_main_baselines,synthetic_test__synthetic_test__map_011__task_06,False,False,0.1544015892,0.8038893486,budget_exhausted,61.2477362
synthetic_main_baselines,synthetic_test__synthetic_test__map_011__task_07,False,False,0.272364599,0.5505749094,budget_exhausted,60.6163001
synthetic_main_baselines,synthetic_test__synthetic_test__map_011__task_08,True,True,0,0.09715478283,ok,19.0642291
synthetic_main_baselines,synthetic_test__synthetic_test__map_012__task_00,True,True,0,0.7346120785,ok,7.7706149
synthetic_main_baselines,synthetic_test__synthetic_test__map_012__task_01,True,True,0,0.487127465,ok,3.0536311
synthetic_main_baselines,synthetic_test__synthetic_test__map_012__task_02,True,True,0,0.2009087112,ok,1.5507135
synthetic_main_baselines,synthetic_test__synthetic_test__map_012__task_03,True,True,0,0.5438375877,ok,9.5767305
synthetic_main_baselines,synthetic_test__synthetic_test__map_012__task_04,True,True,0,0.3905891006,ok,5.3853459
synthetic_main_baselines,synthetic_test__synthetic_test__map_012__task_05,True,True,0,0.2129701925,ok,2.5755685
synthetic_main_baselines,synthetic_test__synthetic_test__map_012__task_06,True,True,0,0.6075745217,ok,25.5529293
synthetic_main_baselines,synthetic_test__synthetic_test__map_012__task_07,False,False,0.02938848241,0.3260291905,budget_exhausted,60.7941761
synthetic_main_baselines,synthetic_test__synthetic_test__map_012__task_08,True,True,0,0.1759263111,ok,8.8112267
synthetic_main_baselines,synthetic_test__synthetic_test__map_013__task_00,True,True,0,0.7784806751,ok,8.9375655
synthetic_main_baselines,synthetic_test__synthetic_test__map_013__task_01,True,True,0,0.5206791413,ok,10.2510344
synthetic_main_baselines,synthetic_test__synthetic_test__map_013__task_02,True,True,0,0.1371003701,ok,2.8249856
synthetic_main_baselines,synthetic_test__synthetic_test__map_013__task_03,True,True,0,0.5879107296,ok,7.4716706
synthetic_main_baselines,synthetic_test__synthetic_test__map_013__task_04,True,True,0,0.4904243314,ok,12.8009481
synthetic_main_baselines,synthetic_test__synthetic_test__map_013__task_05,True,True,0,0.3226821366,ok,9.1102575
synthetic_main_baselines,synthetic_test__synthetic_test__map_013__task_06,False,False,0.07856330412,0.5790523958,budget_exhausted,61.0047611
synthetic_main_baselines,synthetic_test__synthetic_test__map_013__task_07,True,True,0,0.4045794397,ok,40.5252148
synthetic_main_baselines,synthetic_test__synthetic_test__map_013__task_08,True,True,0,0.2043407683,ok,8.3805016
synthetic_main_baselines,synthetic_test__synthetic_test__map_014__task_00,True,True,0,0.7632294931,ok,4.7766286
synthetic_main_baselines,synthetic_test__synthetic_test__map_014__task_01,True,True,0,0.300108467,ok,5.0141409
synthetic_main_baselines,synthetic_test__synthetic_test__map_014__task_02,True,True,0,0.1718644862,ok,3.4143378
synthetic_main_baselines,synthetic_test__synthetic_test__map_014__task_03,True,True,0,0.6979936063,ok,3.2198691
synthetic_main_baselines,synthetic_test__synthetic_test__map_014__task_04,True,True,0,0.391245662,ok,8.1935669
synthetic_main_baselines,synthetic_test__synthetic_test__map_014__task_05,True,True,0,0.04951625844,ok,5.60289
synthetic_main_baselines,synthetic_test__synthetic_test__map_014__task_06,True,True,0,0.6084829913,ok,6.1948834
synthetic_main_baselines,synthetic_test__synthetic_test__map_014__task_07,True,True,0,0.4714412812,ok,13.4245737
synthetic_main_baselines,synthetic_test__synthetic_test__map_014__task_08,True,True,0,0.2813342846,ok,12.8659978
synthetic_main_baselines,synthetic_test__synthetic_test__map_015__task_00,True,True,0,0.5686243829,ok,17.4622923
synthetic_main_baselines,synthetic_test__synthetic_test__map_015__task_01,True,True,0,0.5568151126,ok,12.4299845
synthetic_main_baselines,synthetic_test__synthetic_test__map_015__task_02,True,True,0,0.2279763922,ok,4.3863235
synthetic_main_baselines,synthetic_test__synthetic_test__map_015__task_03,True,True,0,0.5617979449,ok,24.6410228
synthetic_main_baselines,synthetic_test__synthetic_test__map_015__task_04,True,True,0,0.3246179359,ok,37.1244902
synthetic_main_baselines,synthetic_test__synthetic_test__map_015__task_05,True,True,0,0.1394114611,ok,21.1837535
synthetic_main_baselines,synthetic_test__synthetic_test__map_015__task_06,False,False,0.2870024008,0.8117537564,budget_exhausted,60.797337
synthetic_main_baselines,synthetic_test__synthetic_test__map_015__task_07,True,True,0,0.3908735524,ok,31.4288524
synthetic_main_baselines,synthetic_test__synthetic_test__map_015__task_08,True,True,0,0.09106157047,ok,31.0723619
synthetic_main_baselines,synthetic_test__synthetic_test__map_016__task_00,True,True,0,0.6652095125,ok,18.0329779
synthetic_main_baselines,synthetic_test__synthetic_test__map_016__task_01,True,True,0,0.4025278715,ok,4.7704855
synthetic_main_baselines,synthetic_test__synthetic_test__map_016__task_02,True,True,0,0.3228251106,ok,1.7478162
synthetic_main_baselines,synthetic_test__synthetic_test__map_016__task_03,True,True,0,0.5600761903,ok,11.4794024
synthetic_main_baselines,synthetic_test__synthetic_test__map_016__task_04,True,True,0,0.5643122267,ok,21.3732618
synthetic_main_baselines,synthetic_test__synthetic_test__map_016__task_05,True,True,0,0.2526890949,ok,5.3764003
synthetic_main_baselines,synthetic_test__synthetic_test__map_016__task_06,True,True,0,0.5530475843,ok,51.7903795
synthetic_main_baselines,synthetic_test__synthetic_test__map_016__task_07,False,False,0.1518326792,0.4803935299,budget_exhausted,60.8201289
synthetic_main_baselines,synthetic_test__synthetic_test__map_016__task_08,True,True,0,0.1940144783,ok,5.5456007
synthetic_main_baselines,synthetic_test__synthetic_test__map_017__task_00,True,True,0,0.6755258915,ok,13.0404025
synthetic_main_baselines,synthetic_test__synthetic_test__map_017__task_01,True,True,0,0.5310805572,ok,19.5457406
synthetic_main_baselines,synthetic_test__synthetic_test__map_017__task_02,True,True,0,0.2393302839,ok,10.0348878
synthetic_main_baselines,synthetic_test__synthetic_test__map_017__task_03,False,False,0.128135776,0.7629952511,budget_exhausted,60.526507
synthetic_main_baselines,synthetic_test__synthetic_test__map_017__task_04,True,True,0,0.4540911089,ok,17.5114064
synthetic_main_baselines,synthetic_test__synthetic_test__map_017__task_05,True,True,0,0.1994079876,ok,10.20073
synthetic_main_baselines,synthetic_test__synthetic_test__map_017__task_06,False,False,0.1707175664,0.6747240211,budget_exhausted,60.8265488
synthetic_main_baselines,synthetic_test__synthetic_test__map_017__task_07,False,False,0.08183994985,0.5848651486,budget_exhausted,60.7483434
synthetic_main_baselines,synthetic_test__synthetic_test__map_017__task_08,True,True,0,0.3253151066,ok,37.4190718
synthetic_main_baselines,synthetic_test__synthetic_test__map_018__task_00,True,True,0,0.6958051598,ok,7.499339
synthetic_main_baselines,synthetic_test__synthetic_test__map_018__task_01,True,True,0,0.3714151147,ok,5.6474463
synthetic_main_baselines,synthetic_test__synthetic_test__map_018__task_02,True,True,0,0.2642611885,ok,5.0173686
synthetic_main_baselines,synthetic_test__synthetic_test__map_018__task_03,True,True,0,0.6690350977,ok,12.7069691
synthetic_main_baselines,synthetic_test__synthetic_test__map_018__task_04,True,True,0,0.4255996255,ok,11.1531067
synthetic_main_baselines,synthetic_test__synthetic_test__map_018__task_05,True,True,0,0.09783000952,ok,24.3815152
synthetic_main_baselines,synthetic_test__synthetic_test__map_018__task_06,True,True,0,0.7180465545,ok,5.6032816
synthetic_main_baselines,synthetic_test__synthetic_test__map_018__task_07,True,True,0,0.4387298909,ok,6.9072637
synthetic_main_baselines,synthetic_test__synthetic_test__map_018__task_08,True,True,0,0.2573649164,ok,39.278953
synthetic_main_baselines,synthetic_test__synthetic_test__map_019__task_00,True,True,0,0.6227134634,ok,12.7227525
synthetic_main_baselines,synthetic_test__synthetic_test__map_019__task_01,True,True,0,0.376767079,ok,3.7544193
synthetic_main_baselines,synthetic_test__synthetic_test__map_019__task_02,True,True,0,0.3226160407,ok,11.6235049
synthetic_main_baselines,synthetic_test__synthetic_test__map_019__task_03,False,False,0.1186364559,0.7219551316,budget_exhausted,60.694665
synthetic_main_baselines,synthetic_test__synthetic_test__map_019__task_04,True,True,0,0.4721998011,ok,35.9061411
synthetic_main_baselines,synthetic_test__synthetic_test__map_019__task_05,True,True,0,0.132519516,ok,5.4890437
synthetic_main_baselines,synthetic_test__synthetic_test__map_019__task_06,False,False,0.2755905762,0.7861535469,budget_exhausted,60.9643877
synthetic_main_baselines,synthetic_test__synthetic_test__map_019__task_07,False,False,0.1984704097,0.5278147354,budget_exhausted,60.7908202
synthetic_main_baselines,synthetic_test__synthetic_test__map_019__task_08,True,True,0,0.2515538882,ok,6.3326491
synthetic_main_baselines,synthetic_test__synthetic_test__map_020__task_00,True,True,0,0.6268254993,ok,9.4438042
synthetic_main_baselines,synthetic_test__synthetic_test__map_020__task_01,True,True,0,0.4952739411,ok,3.8890497
synthetic_main_baselines,synthetic_test__synthetic_test__map_020__task_02,True,True,0,0.3666415487,ok,3.0276695
synthetic_main_baselines,synthetic_test__synthetic_test__map_020__task_03,True,True,0,0.6861098097,ok,30.4929728
synthetic_main_baselines,synthetic_test__synthetic_test__map_020__task_04,True,True,0,0.4896120478,ok,6.7861666
synthetic_main_baselines,synthetic_test__synthetic_test__map_020__task_05,True,True,0,0.3308999518,ok,8.7211146
synthetic_main_baselines,synthetic_test__synthetic_test__map_020__task_06,False,False,0.1547124761,0.703847032,budget_exhausted,60.9953133
synthetic_main_baselines,synthetic_test__synthetic_test__map_020__task_07,True,True,0,0.3824563118,ok,27.2573443
synthetic_main_baselines,synthetic_test__synthetic_test__map_020__task_08,True,True,0,0.1782089235,ok,9.5199903
synthetic_main_baselines,synthetic_test__synthetic_test__map_021__task_00,True,True,0,0.7543096691,ok,3.1827183
synthetic_main_baselines,synthetic_test__synthetic_test__map_021__task_01,True,True,0,0.4446886995,ok,7.8232226
synthetic_main_baselines,synthetic_test__synthetic_test__map_021__task_02,True,True,0,0.1359995812,ok,7.3413096
synthetic_main_baselines,synthetic_test__synthetic_test__map_021__task_03,True,True,0,0.688831088,ok,19.8885673
synthetic_main_baselines,synthetic_test__synthetic_test__map_021__task_04,True,True,0,0.4482989545,ok,21.4882507
synthetic_main_baselines,synthetic_test__synthetic_test__map_021__task_05,True,True,0,0.1518080743,ok,9.6994234
synthetic_main_baselines,synthetic_test__synthetic_test__map_021__task_06,True,True,0,0.620690678,ok,35.1700779
synthetic_main_baselines,synthetic_test__synthetic_test__map_021__task_07,False,False,0.1155901723,0.5013378155,budget_exhausted,60.6878804
synthetic_main_baselines,synthetic_test__synthetic_test__map_021__task_08,False,False,0.3279407529,0.2317652219,budget_exhausted,60.5492768
synthetic_main_baselines,synthetic_test__synthetic_test__map_022__task_00,True,True,0,0.805321338,ok,4.8244962
synthetic_main_baselines,synthetic_test__synthetic_test__map_022__task_01,True,True,0,0.5593534421,ok,4.6950081
synthetic_main_baselines,synthetic_test__synthetic_test__map_022__task_02,True,True,0,0.3138533391,ok,3.3389698
synthetic_main_baselines,synthetic_test__synthetic_test__map_022__task_03,True,True,0,0.7395985227,ok,6.2796515
synthetic_main_baselines,synthetic_test__synthetic_test__map_022__task_04,True,True,0,0.533251114,ok,4.4125291
synthetic_main_baselines,synthetic_test__synthetic_test__map_022__task_05,True,True,0,0.1170832488,ok,9.825416
synthetic_main_baselines,synthetic_test__synthetic_test__map_022__task_06,True,True,0,0.615830094,ok,8.0299847
synthetic_main_baselines,synthetic_test__synthetic_test__map_022__task_07,True,True,0,0.5538235732,ok,13.2951702
synthetic_main_baselines,synthetic_test__synthetic_test__map_022__task_08,True,True,0,0.217856039,ok,17.2376266
synthetic_main_baselines,synthetic_test__synthetic_test__map_023__task_00,True,True,0,0.6225587408,ok,32.8650064
synthetic_main_baselines,synthetic_test__synthetic_test__map_023__task_01,True,True,0,0.5954941933,ok,18.9936528
synthetic_main_baselines,synthetic_test__synthetic_test__map_023__task_02,True,True,0,0.4334957489,ok,12.1116226
synthetic_main_baselines,synthetic_test__synthetic_test__map_023__task_03,False,False,0.2072355461,0.7520994357,budget_exhausted,60.7028351
synthetic_main_baselines,synthetic_test__synthetic_test__map_023__task_04,True,True,0,0.4950364324,ok,33.365399
synthetic_main_baselines,synthetic_test__synthetic_test__map_023__task_05,True,True,0,0.2036216771,ok,17.4311327
synthetic_main_baselines,synthetic_test__synthetic_test__map_023__task_06,False,False,0.2564099046,0.8039556006,budget_exhausted,61.1885491
synthetic_main_baselines,synthetic_test__synthetic_test__map_023__task_07,False,False,0.1812631997,0.4881496719,budget_exhausted,60.6467314
synthetic_main_baselines,synthetic_test__synthetic_test__map_023__task_08,True,True,0,0.1550799456,ok,28.8884571
real_baselines,real_test__cn_guizhou_karst__road_00__task_00,True,True,0,0.5940575005,ok,5.8858537
real_baselines,real_test__cn_guizhou_karst__road_00__task_01,True,True,0,0.4283039149,ok,4.7702164
real_baselines,real_test__cn_guizhou_karst__road_00__task_02,True,True,0,0.2370901211,ok,5.4146017
real_baselines,real_test__cn_guizhou_karst__road_00__task_03,True,True,0,0.5826037331,ok,2.9788229
real_baselines,real_test__cn_guizhou_karst__road_00__task_04,True,True,0,0.4192448826,ok,3.4831182
real_baselines,real_test__cn_guizhou_karst__road_00__task_05,True,True,0,0.2562467656,ok,10.7059049
real_baselines,real_test__cn_guizhou_karst__road_00__task_06,True,True,0,0.6641878988,ok,3.982105
real_baselines,real_test__cn_guizhou_karst__road_00__task_07,True,True,0,0.3843136065,ok,16.5967937
real_baselines,real_test__cn_guizhou_karst__road_00__task_08,True,True,0,0.2535610156,ok,25.242231
real_baselines,real_test__cn_guizhou_karst__road_01__task_00,True,True,0,0.6498955615,ok,1.7410218
real_baselines,real_test__cn_guizhou_karst__road_01__task_01,True,True,0,0.6085439664,ok,1.8712127
real_baselines,real_test__cn_guizhou_karst__road_01__task_02,True,True,0,0.2031072291,ok,5.2825571
real_baselines,real_test__cn_guizhou_karst__road_01__task_03,True,True,0,0.6545067456,ok,4.6597347
real_baselines,real_test__cn_guizhou_karst__road_01__task_04,True,True,0,0.3854068245,ok,13.89531
real_baselines,real_test__cn_guizhou_karst__road_01__task_05,True,True,0,0.4197148194,ok,10.4885407
real_baselines,real_test__cn_guizhou_karst__road_01__task_06,True,True,0,0.6617805869,ok,5.7046908
real_baselines,real_test__cn_guizhou_karst__road_01__task_07,True,True,0,0.3868640419,ok,32.3200333
real_baselines,real_test__cn_guizhou_karst__road_01__task_08,True,True,0,0.2312511793,ok,11.469268
real_baselines,real_test__cn_hengduan__road_00__task_00,True,True,0,0.6965047001,ok,3.0903549
real_baselines,real_test__cn_hengduan__road_00__task_01,True,True,0,0.3972672844,ok,5.0889654
real_baselines,real_test__cn_hengduan__road_00__task_02,True,True,0,0.1411577564,ok,7.2816494
real_baselines,real_test__cn_hengduan__road_00__task_03,True,True,0,0.626570573,ok,8.9091367
real_baselines,real_test__cn_hengduan__road_00__task_04,True,True,0,0.4774684271,ok,12.0771708
real_baselines,real_test__cn_hengduan__road_00__task_05,True,True,0,0.2338947834,ok,3.1918244
real_baselines,real_test__cn_hengduan__road_00__task_06,False,False,0.03078493436,0.647737691,budget_exhausted,60.9460601
real_baselines,real_test__cn_hengduan__road_00__task_07,True,True,0,0.3603212835,ok,32.7005454
real_baselines,real_test__cn_hengduan__road_00__task_08,True,True,0,0.3616117511,ok,5.3833718
real_baselines,real_test__cn_hengduan__road_01__task_00,True,True,0,0.7424524168,ok,4.1766192
real_baselines,real_test__cn_hengduan__road_01__task_01,True,True,0,0.4952057799,ok,5.5844879
real_baselines,real_test__cn_hengduan__road_01__task_02,True,True,0,0.1350600168,ok,1.3881778
real_baselines,real_test__cn_hengduan__road_01__task_03,True,True,0,0.6060403394,ok,12.451226
real_baselines,real_test__cn_hengduan__road_01__task_04,True,True,0,0.5036398367,ok,13.8921994
real_baselines,real_test__cn_hengduan__road_01__task_05,True,True,0,0.2740923205,ok,5.79087
real_baselines,real_test__cn_hengduan__road_01__task_06,True,True,0,0.6749551131,ok,5.4345201
real_baselines,real_test__cn_hengduan__road_01__task_07,True,True,0,0.361593662,ok,15.2264023
real_baselines,real_test__cn_hengduan__road_01__task_08,True,True,0,0.3060602036,ok,4.0706128
real_baselines,real_test__cn_qinling__road_00__task_00,True,True,0,0.6223298547,ok,5.27506
real_baselines,real_test__cn_qinling__road_00__task_01,True,True,0,0.3990677324,ok,10.4398197
real_baselines,real_test__cn_qinling__road_00__task_02,True,True,0,0.3461523879,ok,2.438333
real_baselines,real_test__cn_qinling__road_00__task_03,True,True,0,0.7303223949,ok,15.2393723
real_baselines,real_test__cn_qinling__road_00__task_04,True,True,0,0.5269010014,ok,6.3730477
real_baselines,real_test__cn_qinling__road_00__task_05,True,True,0,0.2751440587,ok,3.0632769
real_baselines,real_test__cn_qinling__road_00__task_06,True,True,0,0.7344335185,ok,18.9457361
real_baselines,real_test__cn_qinling__road_00__task_07,True,True,0,0.6314904049,ok,8.7735098
real_baselines,real_test__cn_qinling__road_00__task_08,True,True,0,0.2342544307,ok,11.0151786
real_baselines,real_test__cn_qinling__road_01__task_00,True,True,0,0.6184113049,ok,1.9463954
real_baselines,real_test__cn_qinling__road_01__task_01,True,True,0,0.5465649605,ok,2.0012103
real_baselines,real_test__cn_qinling__road_01__task_02,True,True,0,0.3366032495,ok,2.5345007
real_baselines,real_test__cn_qinling__road_01__task_03,True,True,0,0.5836917971,ok,3.1067442
real_baselines,real_test__cn_qinling__road_01__task_04,True,True,0,0.2992573042,ok,6.3119456
real_baselines,real_test__cn_qinling__road_01__task_05,True,True,0,0.2646059872,ok,7.5796133
real_baselines,real_test__cn_qinling__road_01__task_06,True,True,0,0.6312023491,ok,19.7965475
real_baselines,real_test__cn_qinling__road_01__task_07,True,True,0,0.4773900645,ok,11.2135526
real_baselines,real_test__cn_qinling__road_01__task_08,True,True,0,0.2460794035,ok,8.4501044
real_baselines,real_test__cn_taihang__road_00__task_00,True,True,0,0.6506479711,ok,2.9635573
real_baselines,real_test__cn_taihang__road_00__task_01,True,True,0,0.5554838176,ok,5.3935522
real_baselines,real_test__cn_taihang__road_00__task_02,True,True,0,0.2413910707,ok,2.8292985
real_baselines,real_test__cn_taihang__road_00__task_03,True,True,0,0.5308328204,ok,12.9672303
real_baselines,real_test__cn_taihang__road_00__task_04,True,True,0,0.40733462,ok,5.8188735
real_baselines,real_test__cn_taihang__road_00__task_05,True,True,0,0.1969749723,ok,14.5705176
real_baselines,real_test__cn_taihang__road_00__task_06,True,True,0,0.733227169,ok,19.7468513
real_baselines,real_test__cn_taihang__road_00__task_07,True,True,0,0.3939873122,ok,13.3339653
real_baselines,real_test__cn_taihang__road_00__task_08,True,True,0,0.1815210736,ok,37.8049026
real_baselines,real_test__cn_taihang__road_01__task_00,True,True,0,0.6774239256,ok,5.3119066
real_baselines,real_test__cn_taihang__road_01__task_01,True,True,0,0.4543144206,ok,10.1621238
real_baselines,real_test__cn_taihang__road_01__task_02,True,True,0,0.227783825,ok,6.1871916
real_baselines,real_test__cn_taihang__road_01__task_03,True,True,0,0.7186589777,ok,9.5762837
real_baselines,real_test__cn_taihang__road_01__task_04,True,True,0,0.5008800199,ok,13.6488553
real_baselines,real_test__cn_taihang__road_01__task_05,True,True,0,0.1942661407,ok,15.6741002
real_baselines,real_test__cn_taihang__road_01__task_06,True,True,0,0.7243925853,ok,43.6809819
real_baselines,real_test__cn_taihang__road_01__task_07,True,True,0,0.453798334,ok,9.569346
real_baselines,real_test__cn_taihang__road_01__task_08,True,True,0,0.2138555268,ok,42.3750884
real_baselines,real_test__global_alps__road_00__task_00,True,True,0,0.7171100429,ok,5.8720769
real_baselines,real_test__global_alps__road_00__task_01,True,True,0,0.4554506749,ok,5.8092154
real_baselines,real_test__global_alps__road_00__task_02,True,True,0,0.2234223617,ok,2.3887963
real_baselines,real_test__global_alps__road_00__task_03,True,True,0,0.6283122263,ok,11.1486313
real_baselines,real_test__global_alps__road_00__task_04,True,True,0,0.4193584843,ok,4.5574939
real_baselines,real_test__global_alps__road_00__task_05,True,True,0,0.2725587095,ok,5.151925
real_baselines,real_test__global_alps__road_00__task_06,True,True,0,0.5671346472,ok,25.2750732
real_baselines,real_test__global_alps__road_00__task_07,True,True,0,0.4118094628,ok,16.6640995
real_baselines,real_test__global_alps__road_00__task_08,True,True,0,0.2567636915,ok,11.0640551
real_baselines,real_test__global_alps__road_01__task_00,True,True,0,0.6673533126,ok,4.5967398
real_baselines,real_test__global_alps__road_01__task_01,True,True,0,0.5201728319,ok,3.5713356
real_baselines,real_test__global_alps__road_01__task_02,True,True,0,0.3250498252,ok,2.8525112
real_baselines,real_test__global_alps__road_01__task_03,True,True,0,0.6655672802,ok,2.34927
real_baselines,real_test__global_alps__road_01__task_04,True,True,0,0.4776186759,ok,7.91488
real_baselines,real_test__global_alps__road_01__task_05,True,True,0,0.2259295732,ok,2.5241004
real_baselines,real_test__global_alps__road_01__task_06,True,True,0,0.6712708078,ok,49.5709656
real_baselines,real_test__global_alps__road_01__task_07,True,True,0,0.416756337,ok,11.0097124
real_baselines,real_test__global_alps__road_01__task_08,True,True,0,0.2802206623,ok,2.1031063
real_baselines,real_test__global_colorado_rockies__road_00__task_00,True,True,0,0.8404126253,ok,23.6810769
real_baselines,real_test__global_colorado_rockies__road_00__task_01,True,True,0,0.3419227384,ok,4.6079045
real_baselines,real_test__global_colorado_rockies__road_00__task_02,True,True,0,0.3380995752,ok,3.6075823
real_baselines,real_test__global_colorado_rockies__road_00__task_03,False,False,0.2040034087,0.752169177,budget_exhausted,60.4456329
real_baselines,real_test__global_colorado_rockies__road_00__task_04,False,False,0.3339423649,0.6574191218,budget_exhausted,60.5141156
real_baselines,real_test__global_colorado_rockies__road_00__task_05,True,True,0,0.2213636108,ok,5.422202
real_baselines,real_test__global_colorado_rockies__road_00__task_06,False,False,0.3398997111,0.8220580507,budget_exhausted,60.7318093
real_baselines,real_test__global_colorado_rockies__road_00__task_07,False,False,0.150223982,0.5001703848,budget_exhausted,60.4595205
real_baselines,real_test__global_colorado_rockies__road_00__task_08,True,True,0,0.3261091853,ok,6.342352
real_baselines,real_test__global_colorado_rockies__road_01__task_00,True,True,0,0.831449037,ok,1.735478
real_baselines,real_test__global_colorado_rockies__road_01__task_01,True,True,0,0.400608714,ok,2.2736883
real_baselines,real_test__global_colorado_rockies__road_01__task_02,True,True,0,0.1093350414,ok,2.6246605
real_baselines,real_test__global_colorado_rockies__road_01__task_03,True,True,0,0.8265634183,ok,5.0182545
real_baselines,real_test__global_colorado_rockies__road_01__task_04,True,True,0,0.4498794325,ok,20.1048011
real_baselines,real_test__global_colorado_rockies__road_01__task_05,True,True,0,0.3203716037,ok,6.2335941
real_baselines,real_test__global_colorado_rockies__road_01__task_06,True,True,0,0.677103021,ok,5.6271647
real_baselines,real_test__global_colorado_rockies__road_01__task_07,True,True,0,0.5584102981,ok,15.4201986
real_baselines,real_test__global_colorado_rockies__road_01__task_08,True,True,0,0.2662939783,ok,5.5252088
real_baselines,real_test__global_peruvian_andes__road_00__task_00,True,True,0,0.7274403331,ok,15.064909
real_baselines,real_test__global_peruvian_andes__road_00__task_01,True,True,0,0.3717717937,ok,11.358373
real_baselines,real_test__global_peruvian_andes__road_00__task_02,True,True,0,0.2525562102,ok,6.1248848
real_baselines,real_test__global_peruvian_andes__road_00__task_03,True,True,0,0.6450989024,ok,28.9413981
real_baselines,real_test__global_peruvian_andes__road_00__task_04,True,True,0,0.3079569791,ok,46.3507733
real_baselines,real_test__global_peruvian_andes__road_00__task_05,True,True,0,0.1283356889,ok,3.6798922
real_baselines,real_test__global_peruvian_andes__road_00__task_06,False,False,0.0966121264,0.7564087937,budget_exhausted,60.8125284
real_baselines,real_test__global_peruvian_andes__road_00__task_07,False,False,0.2404492767,0.5766488305,budget_exhausted,60.6632302
real_baselines,real_test__global_peruvian_andes__road_00__task_08,False,False,0.2367133149,0.2659435824,budget_exhausted,60.5866115
real_baselines,real_test__global_peruvian_andes__road_01__task_00,True,True,0,0.693909949,ok,18.3465933
real_baselines,real_test__global_peruvian_andes__road_01__task_01,True,True,0,0.4338005108,ok,12.1499224
real_baselines,real_test__global_peruvian_andes__road_01__task_02,True,True,0,0.283352855,ok,20.3148861
real_baselines,real_test__global_peruvian_andes__road_01__task_03,False,False,0.2620583242,0.8792093776,budget_exhausted,60.5607667
real_baselines,real_test__global_peruvian_andes__road_01__task_04,True,True,0,0.4052272228,ok,32.7185445
real_baselines,real_test__global_peruvian_andes__road_01__task_05,True,True,0,0.08859384818,ok,13.9516891
real_baselines,real_test__global_peruvian_andes__road_01__task_06,False,False,0.3382714592,0.8559120739,budget_exhausted,61.009594
real_baselines,real_test__global_peruvian_andes__road_01__task_07,False,False,0.353874666,0.671537407,budget_exhausted,60.8241067
real_baselines,real_test__global_peruvian_andes__road_01__task_08,False,False,0.4425228322,0.4030919674,budget_exhausted,60.6607281
real_baselines,real_test__global_southern_alps_nz__road_00__task_00,True,True,0,0.7221484703,ok,3.0197609
real_baselines,real_test__global_southern_alps_nz__road_00__task_01,True,True,0,0.4260394108,ok,11.3117751
real_baselines,real_test__global_southern_alps_nz__road_00__task_02,True,True,0,0.3345692641,ok,2.1367617
real_baselines,real_test__global_southern_alps_nz__road_00__task_03,True,True,0,0.6771839932,ok,5.7322351
real_baselines,real_test__global_southern_alps_nz__road_00__task_04,True,True,0,0.4463580871,ok,6.0911851
real_baselines,real_test__global_southern_alps_nz__road_00__task_05,True,True,0,0.1990335792,ok,13.3891546
real_baselines,real_test__global_southern_alps_nz__road_00__task_06,True,True,0,0.6593656173,ok,20.0634311
real_baselines,real_test__global_southern_alps_nz__road_00__task_07,True,True,0,0.5116820018,ok,14.8205729
real_baselines,real_test__global_southern_alps_nz__road_00__task_08,True,True,0,0.1234478867,ok,24.9538273
real_baselines,real_test__global_southern_alps_nz__road_01__task_00,True,True,0,0.5537284904,ok,15.9356885
real_baselines,real_test__global_southern_alps_nz__road_01__task_01,True,True,0,0.4219429856,ok,12.3961835
real_baselines,real_test__global_southern_alps_nz__road_01__task_02,True,True,0,0.267738169,ok,1.5662255
real_baselines,real_test__global_southern_alps_nz__road_01__task_03,True,True,0,0.5409313134,ok,10.3952321
real_baselines,real_test__global_southern_alps_nz__road_01__task_04,True,True,0,0.3736173796,ok,28.6055226
real_baselines,real_test__global_southern_alps_nz__road_01__task_05,True,True,0,0.2107678107,ok,5.8227398
real_baselines,real_test__global_southern_alps_nz__road_01__task_06,True,True,0,0.7048071366,ok,41.4923331
real_baselines,real_test__global_southern_alps_nz__road_01__task_07,False,False,0.2979848964,0.5151205699,budget_exhausted,60.7856699
real_baselines,real_test__global_southern_alps_nz__road_01__task_08,True,True,0,0.2675609733,ok,19.763932
