model,episodes_seen,weighted_coverage,q25,q75,seed_count
full,16,0.224609375,0.21484375,0.236328125,5
full,36.0268456376,0.207217975277,0.205430120874,0.230649910971,5
full,56.0536912752,0.267239451359,0.245874120412,0.300838230636,5
full,76.0805369128,0.313109532299,0.311798710151,0.326696203859,5
full,96.1073825503,0.275771565967,0.272023149654,0.291499291621,5
full,116.134228188,0.342634490352,0.331450555789,0.373693110319,5
full,136.161073826,0.356475568415,0.354868553965,0.366388380016,5
full,156.187919463,0.386920857374,0.376968774611,0.397285046569,5
full,176.214765101,0.405093694357,0.3822111269,0.407526152239,5
full,196.241610738,0.419689939734,0.411396180746,0.426322833559,5
full,216.268456376,0.442344798658,0.433347315436,0.453806627517,5
full,236.295302013,0.414186198808,0.403542965005,0.416764933742,5
full,256.322147651,0.462804110738,0.453001782718,0.482475618708,5
full,276.348993289,0.382168592059,0.379163839928,0.414934812012,5
full,296.375838926,0.456183796794,0.394893063664,0.483787671423,5
full,316.402684564,0.422510427724,0.415718335887,0.447892599259,5
full,336.429530201,0.447746917428,0.440336425179,0.450039418295,5
full,356.456375839,0.463680723049,0.431312591758,0.475861537857,5
full,376.483221477,0.418673303529,0.41588553259,0.432820846459,5
full,396.510067114,0.446538118708,0.437217190122,0.464790333997,5
full,416.536912752,0.446220177459,0.410610088729,0.454537343985,5
full,436.563758389,0.437066626147,0.396403685871,0.457698966751,5
full,456.590604027,0.411142315961,0.399028680789,0.432021091128,5
full,476.617449664,0.417955541461,0.394511955501,0.432691055003,5
full,496.644295302,0.45729760906,0.43693477349,0.463061031879,5
full,516.67114094,0.436032213588,0.431383075199,0.448095321917,5
full,536.697986577,0.449877438129,0.438404467282,0.465060035654,5
full,556.724832215,0.449076432167,0.429078904003,0.463091689067,5
full,576.751677852,0.445026928032,0.423231634044,0.44631594773,5
full,596.77852349,0.468278425045,0.4263499328,0.48494603693,5
full,616.805369128,0.429778856278,0.427377443479,0.449507732781,5
full,636.832214765,0.463350723574,0.446137662542,0.469251389471,5
full,656.859060403,0.452441018354,0.435135009331,0.456347696377,5
full,676.88590604,0.458919489304,0.452318188968,0.525711121015,5
full,696.912751678,0.449617400442,0.403819414721,0.457058590005,5
full,716.939597315,0.465746745951,0.436868263979,0.467205102469,5
full,736.966442953,0.457066642198,0.43972184354,0.482559511326,5
full,756.993288591,0.431009223373,0.411488072053,0.446431982241,5
full,777.020134228,0.489871277265,0.473917916317,0.502910025168,5
full,797.046979866,0.434826190334,0.428760936002,0.436395271196,5
full,817.073825503,0.450193439897,0.435756138393,0.458050748613,5
full,837.100671141,0.453643978565,0.444321892977,0.477297362947,5
full,857.127516779,0.440775049009,0.430757960168,0.474913204848,5
full,877.154362416,0.474463873742,0.447819447357,0.477398149119,5
full,897.181208054,0.43807702926,0.424165193552,0.441054735653,5
full,917.208053691,0.459040084941,0.445266621225,0.478794174706,5
full,937.234899329,0.410663778934,0.400985631249,0.45459429787,5
full,957.261744966,0.466270807295,0.415563257602,0.474646225153,5
full,977.288590604,0.452646549916,0.44931050755,0.478974412752,5
full,997.315436242,0.463189973976,0.453773455691,0.478606312491,5
full,1017.34228188,0.45527870754,0.455105036981,0.492455228736,5
full,1037.36912752,0.42768060454,0.411035838413,0.458190123784,5
full,1057.39597315,0.430880348154,0.414291893876,0.441976457634,5
full,1077.42281879,0.459154567867,0.441280304068,0.45990788933,5
full,1097.44966443,0.460074979027,0.440974989513,0.484053848574,5
full,1117.47651007,0.445809649363,0.415501729215,0.448085878647,5
full,1137.5033557,0.451669452387,0.420988589962,0.482991547605,5
full,1157.53020134,0.481058619966,0.448070469799,0.485607172819,5
full,1177.55704698,0.460260821506,0.45579051671,0.46469822199,5
full,1197.58389262,0.486734479866,0.459663380872,0.510898175336,5
full,1217.61073826,0.469495724045,0.425636043008,0.469954351287,5
full,1237.63758389,0.459992637995,0.432166291433,0.480211400836,5
full,1257.66442953,0.439888371456,0.426094563245,0.483890905355,5
full,1277.69127517,0.447429344011,0.431933821138,0.456393227383,5
full,1297.71812081,0.462653366191,0.426149591023,0.48714607802,5
full,1317.74496644,0.429593548829,0.39938535817,0.432735455759,5
full,1337.77181208,0.456618341023,0.455201342282,0.47913826552,5
full,1357.79865772,0.470973582386,0.448547288043,0.495352734214,5
full,1377.82550336,0.473793722606,0.466590888663,0.487270846887,5
full,1397.85234899,0.494882550336,0.484458892617,0.50353397651,5
full,1417.87919463,0.450133382841,0.446841346648,0.473463208165,5
full,1437.90604027,0.470847315436,0.463664010067,0.493760486577,5
full,1457.93288591,0.47528688279,0.426364111081,0.476039776229,5
full,1477.95973154,0.494314777085,0.47513718155,0.531959449048,5
full,1497.98657718,0.458144646281,0.43970967162,0.45980323757,5
full,1518.01342282,0.499410130034,0.476313443792,0.503899695889,5
full,1538.04026846,0.441380943107,0.414281380547,0.453524452986,5
full,1558.06711409,0.439674827828,0.424353992069,0.465671641192,5
full,1578.09395973,0.463883572777,0.435969615143,0.473963795092,5
full,1598.12080537,0.453316808057,0.442841065222,0.468218314486,5
full,1618.14765101,0.508424653943,0.486215394295,0.510233588507,5
full,1638.17449664,0.440006559461,0.43858701933,0.448742680797,5
full,1658.20134228,0.4629169752,0.447197341867,0.485048936468,5
full,1678.22818792,0.460870888834,0.448665262036,0.463180075931,5
full,1698.25503356,0.454351421252,0.446138652346,0.465320661874,5
full,1718.28187919,0.459321256292,0.452695705747,0.479182833473,5
full,1738.30872483,0.494761152154,0.458873570401,0.500660654362,5
full,1758.33557047,0.49337182781,0.472528444841,0.510137243079,5
full,1778.36241611,0.441050455417,0.430190374178,0.443095819494,5
full,1798.38926174,0.480155757773,0.475252079124,0.490907040774,5
full,1818.41610738,0.479269347735,0.450037358431,0.484236052852,5
full,1838.44295302,0.439291345471,0.419613497402,0.443091994033,5
full,1858.46979866,0.501865299916,0.498605940646,0.502116322357,5
full,1878.4966443,0.467351433023,0.458575612502,0.473215890803,5
full,1898.52348993,0.485478364479,0.485242951522,0.491870963203,5
full,1918.55033557,0.464708013029,0.463175100158,0.467050799976,5
full,1938.57718121,0.457054991932,0.434051133299,0.461148502239,5
full,1958.60402685,0.464984663381,0.455572960361,0.472980678482,5
full,1978.63087248,0.46208176748,0.437938082112,0.475930255701,5
full,1998.65771812,0.458473154362,0.441432466443,0.533231963087,5
full,2018.68456376,0.458074557424,0.436032414224,0.463609704578,5
full,2038.7114094,0.46013789849,0.451565121644,0.502320155201,5
full,2058.73825503,0.464726150527,0.459082445898,0.465408420079,5
full,2078.76510067,0.477417343301,0.459984211281,0.507497501412,5
full,2098.79194631,0.469392249349,0.468461726133,0.489321882276,5
full,2118.81879195,0.458237607648,0.451908744307,0.483596398396,5
full,2138.84563758,0.454456795302,0.453156459732,0.456805788591,5
full,2158.87248322,0.453827386659,0.437077326736,0.468572049206,5
full,2178.89932886,0.456522651007,0.439980075503,0.465719379195,5
full,2198.9261745,0.453921979866,0.431350692542,0.477976261813,5
full,2218.95302013,0.470381304787,0.442092692782,0.503503372826,5
full,2238.97986577,0.511204907718,0.473045564178,0.528945574664,5
full,2259.00671141,0.477644329544,0.454831743939,0.482929350431,5
full,2279.03355705,0.488217019715,0.487831638003,0.5078125,5
full,2299.06040268,0.454798572113,0.453833807013,0.462718292015,5
full,2319.08724832,0.512181951745,0.485020513029,0.530312895922,5
full,2339.11409396,0.481594986988,0.474738049582,0.513200246542,5
full,2359.1409396,0.474555337026,0.462843676166,0.48366769107,5
full,2379.16778523,0.475395868289,0.464366610738,0.490328754195,5
full,2399.19463087,0.445129519929,0.441369867998,0.471825349267,5
full,2419.22147651,0.457175440436,0.454095008389,0.47931522651,5
full,2439.24832215,0.447911780064,0.446070743734,0.447984330058,5
full,2459.27516779,0.455508823706,0.445511798469,0.468635236183,5
full,2479.30201342,0.463709888842,0.417385434144,0.481261797399,5
full,2499.32885906,0.458075092453,0.446997842761,0.490797493494,5
full,2519.3557047,0.426716320966,0.424349511197,0.475202776161,5
full,2539.38255034,0.451830362493,0.430031925207,0.459852393401,5
full,2559.40939597,0.493190278943,0.472508782508,0.494396235319,5
full,2579.43624161,0.464242162889,0.44462445213,0.481816756694,5
full,2599.46308725,0.486557518876,0.475192690856,0.499163040059,5
full,2619.48993289,0.478553344576,0.434692379469,0.488211642669,5
full,2639.51677852,0.458659077096,0.448555647878,0.478149865494,5
full,2659.54362416,0.478038485738,0.470045092282,0.497757838716,5
full,2679.5704698,0.480342549929,0.445624489047,0.481847587766,5
full,2699.59731544,0.465717412961,0.464144426384,0.476453046351,5
full,2719.62416107,0.465645919651,0.463586056277,0.494372720775,5
full,2739.65100671,0.506751804119,0.505202960746,0.531032176136,5
full,2759.67785235,0.472396707215,0.469928937389,0.479311213789,5
full,2779.70469799,0.48041096682,0.475576173213,0.482762153729,5
full,2799.73154362,0.483436451342,0.477814990562,0.498440121644,5
full,2819.75838926,0.440838316241,0.425079077352,0.445244123237,5
full,2839.7852349,0.478606071728,0.450869730495,0.4888730862,5
full,2859.81208054,0.479379430044,0.467562234625,0.501322325281,5
full,2879.83892617,0.460553281978,0.433380139493,0.492015554911,5
full,2899.86577181,0.475694080327,0.461995333473,0.50334456271,5
full,2919.89261745,0.446676758214,0.437945478894,0.45958066532,5
full,2939.91946309,0.462562919463,0.437791657928,0.478076499581,5
full,2959.94630872,0.440035825572,0.426467639279,0.445107476716,5
full,2979.97315436,0.478453227191,0.474521429534,0.499985019175,5
full,3000,0.474489795918,0.448979591837,0.505102040816,5
a2c_pointer,16,0.224609375,0.21484375,0.236328125,5
a2c_pointer,36.0268456376,0.205038800336,0.201577908848,0.216754768182,5
a2c_pointer,56.0536912752,0.231826654739,0.228963712163,0.240411469747,5
a2c_pointer,76.0805369128,0.266962038591,0.260427590185,0.268502254614,5
a2c_pointer,96.1073825503,0.222297512755,0.203293266761,0.223865951582,5
a2c_pointer,116.134228188,0.299438968121,0.280941956795,0.307251468121,5
a2c_pointer,136.161073826,0.281997971168,0.266917417135,0.282379768182,5
a2c_pointer,156.187919463,0.30301580049,0.300920223899,0.332834864231,5
a2c_pointer,176.214765101,0.308372568826,0.302874178195,0.315274876729,5
a2c_pointer,196.241610738,0.303786644167,0.273996472016,0.304849078893,5
a2c_pointer,216.268456376,0.32451761745,0.31629614094,0.32745385906,5
a2c_pointer,236.295302013,0.310375505068,0.260037580468,0.323841340227,5
a2c_pointer,256.322147651,0.352346371644,0.344937604866,0.36106596057,5
a2c_pointer,276.348993289,0.293502495377,0.273991897514,0.306150885795,5
a2c_pointer,296.375838926,0.343655132591,0.335442698079,0.354429421858,5
a2c_pointer,316.402684564,0.311772600714,0.296884122252,0.321769197927,5
a2c_pointer,336.429530201,0.333629015128,0.326149169688,0.348125102993,5
a2c_pointer,356.456375839,0.360595047714,0.339604852664,0.363078727978,5
a2c_pointer,376.483221477,0.328398453551,0.328045253861,0.335622260649,5
a2c_pointer,396.510067114,0.352894950713,0.349915779677,0.376508428586,5
a2c_pointer,416.536912752,0.34394113927,0.334540270596,0.344364882593,5
a2c_pointer,436.563758389,0.34338490928,0.34268776591,0.369778313223,5
a2c_pointer,456.590604027,0.364681863465,0.330216089031,0.369053455327,5
a2c_pointer,476.617449664,0.34180854533,0.339458227843,0.349590582091,5
a2c_pointer,496.644295302,0.408346266779,0.389023699664,0.422200083893,5
a2c_pointer,516.67114094,0.366780543226,0.345501084505,0.367749882829,5
a2c_pointer,536.697986577,0.386472970847,0.375924129614,0.416811949455,5
a2c_pointer,556.724832215,0.378006062954,0.361769845312,0.390809371148,5
a2c_pointer,576.751677852,0.394217254593,0.393943921423,0.399911372372,5
a2c_pointer,596.77852349,0.383052995737,0.368371413163,0.423681205914,5
a2c_pointer,616.805369128,0.388030441571,0.376328544998,0.393109141727,5
a2c_pointer,636.832214765,0.410450529572,0.38127425021,0.422074244966,5
a2c_pointer,656.859060403,0.376743500462,0.369268978565,0.400805647343,5
a2c_pointer,676.88590604,0.467220925965,0.457303901007,0.479530201342,5
a2c_pointer,696.912751678,0.40229923555,0.385550834218,0.404003785868,5
a2c_pointer,716.939597315,0.419994505248,0.418638606869,0.449481181944,5
a2c_pointer,736.966442953,0.447881055998,0.444165530621,0.458524276426,5
a2c_pointer,756.993288591,0.393737132542,0.383245071309,0.39734229472,5
a2c_pointer,777.020134228,0.463294358221,0.446882209522,0.474929871015,5
a2c_pointer,797.046979866,0.412640819751,0.397832916724,0.414248529739,5
a2c_pointer,817.073825503,0.444557907842,0.426106614783,0.446535042289,5
a2c_pointer,837.100671141,0.453417393593,0.440812099798,0.454696916518,5
a2c_pointer,857.127516779,0.432781174026,0.428976780257,0.442892428049,5
a2c_pointer,877.154362416,0.451220375419,0.442630557886,0.459674522861,5
a2c_pointer,897.181208054,0.419136184256,0.402574882722,0.438500505068,5
a2c_pointer,917.208053691,0.47039180474,0.468704121225,0.47305932781,5
a2c_pointer,937.234899329,0.411329623082,0.400198816943,0.434483075949,5
a2c_pointer,957.261744966,0.434639732571,0.416550386933,0.454377236423,5
a2c_pointer,977.288590604,0.453177432886,0.435287987626,0.460885067114,5
a2c_pointer,997.315436242,0.454630572867,0.447787546227,0.464900998151,5
a2c_pointer,1017.34228188,0.444723753595,0.43453015854,0.468094802938,5
a2c_pointer,1037.36912752,0.454845654705,0.440584979797,0.455263512704,5
a2c_pointer,1057.39597315,0.449035234899,0.432269819631,0.449343278104,5
a2c_pointer,1077.42281879,0.449082317491,0.43510991645,0.450529037118,5
a2c_pointer,1097.44966443,0.467553219379,0.442390677433,0.468223049497,5
a2c_pointer,1117.47651007,0.425994298726,0.417402581838,0.450504211752,5
a2c_pointer,1137.5033557,0.457677565573,0.43538663368,0.461032601484,5
a2c_pointer,1157.53020134,0.479878880034,0.413601090604,0.495406879195,5
a2c_pointer,1177.55704698,0.445548715501,0.44353834235,0.462026284927,5
a2c_pointer,1197.58389262,0.4765625,0.45167260906,0.527244127517,5
a2c_pointer,1217.61073826,0.456163432235,0.435027307903,0.464843642994,5
a2c_pointer,1237.63758389,0.472550314169,0.470636781348,0.484994029071,5
a2c_pointer,1257.66442953,0.458957034995,0.45404760478,0.463362681482,5
a2c_pointer,1277.69127517,0.447166912067,0.433890958858,0.450394744727,5
a2c_pointer,1297.71812081,0.460717281879,0.430089922399,0.466411493289,5
a2c_pointer,1317.74496644,0.406368134502,0.404182004178,0.410783197507,5
a2c_pointer,1337.77181208,0.468763108221,0.452792051174,0.513728240352,5
a2c_pointer,1357.79865772,0.446283043419,0.435492569511,0.4552961495,5
a2c_pointer,1377.82550336,0.467463521692,0.448786847478,0.472039762319,5
a2c_pointer,1397.85234899,0.483640939597,0.469138003356,0.493970218121,5
a2c_pointer,1417.87919463,0.442567932689,0.438876363255,0.447631317628,5
a2c_pointer,1437.90604027,0.467491610738,0.462195889262,0.472420302013,5
a2c_pointer,1457.93288591,0.466975307321,0.444166680934,0.480187217504,5
a2c_pointer,1477.95973154,0.470760640666,0.47069804222,0.52514317388,5
a2c_pointer,1497.98657718,0.463561284413,0.45412336495,0.465923974456,5
a2c_pointer,1518.01342282,0.503372089975,0.487344012164,0.510843776216,5
a2c_pointer,1538.04026846,0.428283957249,0.418548079886,0.446754350859,5
a2c_pointer,1558.06711409,0.447424127474,0.426714742629,0.461887912936,5
a2c_pointer,1578.09395973,0.461868183725,0.459095794883,0.463031538381,5
a2c_pointer,1598.12080537,0.45574236406,0.45527080248,0.479144083965,5
a2c_pointer,1618.14765101,0.505418938758,0.47178324245,0.505424837458,5
a2c_pointer,1638.17449664,0.443938062851,0.439195454818,0.460588393285,5
a2c_pointer,1658.20134228,0.463165028228,0.445151188621,0.477528228154,5
a2c_pointer,1678.22818792,0.443539358906,0.439352432458,0.456963033745,5
a2c_pointer,1698.25503356,0.438867401512,0.430375146598,0.45606485306,5
a2c_pointer,1718.28187919,0.447712615352,0.43142696099,0.478398961829,5
a2c_pointer,1738.30872483,0.469996458105,0.457794737022,0.474332176243,5
a2c_pointer,1758.33557047,0.469706244757,0.467823904153,0.501228240352,5
a2c_pointer,1778.36241611,0.418242631574,0.411502437594,0.426797431431,5
a2c_pointer,1798.38926174,0.474731161078,0.461885237788,0.482334999593,5
a2c_pointer,1818.41610738,0.449397021812,0.44768705432,0.469607933096,5
a2c_pointer,1838.44295302,0.43291887723,0.425909857704,0.44372647208,5
a2c_pointer,1858.46979866,0.488557178062,0.485307649958,0.499929871015,5
a2c_pointer,1878.4966443,0.457031517515,0.448887834286,0.461569102263,5
a2c_pointer,1898.52348993,0.48241070626,0.47733474813,0.496711508376,5
a2c_pointer,1918.55033557,0.465285630821,0.458921723052,0.477058151281,5
a2c_pointer,1938.57718121,0.455914509785,0.445084644334,0.457547687175,5
a2c_pointer,1958.60402685,0.466770658557,0.465453282299,0.482674208263,5
a2c_pointer,1978.63087248,0.433673736902,0.421742687218,0.455715131061,5
a2c_pointer,1998.65771812,0.472457005034,0.458252936242,0.492355285235,5
a2c_pointer,2018.68456376,0.467905723531,0.463631373271,0.470185484009,5
a2c_pointer,2038.7114094,0.462707109899,0.450647546141,0.50595113255,5
a2c_pointer,2058.73825503,0.470197147651,0.468148198877,0.480648840912,5
a2c_pointer,2078.76510067,0.474766673658,0.472994656126,0.510019362716,5
a2c_pointer,2098.79194631,0.472907820846,0.451465766676,0.481228812834,5
a2c_pointer,2118.81879195,0.474712903198,0.474081434692,0.485433288248,5
a2c_pointer,2138.84563758,0.475377516779,0.451510067114,0.475398489933,5
a2c_pointer,2158.87248322,0.457215193124,0.443614958567,0.475939404705,5
a2c_pointer,2178.89932886,0.446245805369,0.44211409396,0.474313129195,5
a2c_pointer,2198.9261745,0.461344871422,0.429231119881,0.472597289755,5
a2c_pointer,2218.95302013,0.473210005479,0.458063321805,0.508969233667,5
a2c_pointer,2238.97986577,0.522441275168,0.456331270973,0.526361944211,5
a2c_pointer,2259.00671141,0.458290174291,0.455459868511,0.460051491234,5
a2c_pointer,2279.03355705,0.5,0.495236472315,0.50637190646,5
a2c_pointer,2299.06040268,0.462085673195,0.457012737981,0.471084868511,5
a2c_pointer,2319.08724832,0.508716833525,0.504383496268,0.524160458542,5
a2c_pointer,2339.11409396,0.486046431996,0.469790097247,0.500616353924,5
a2c_pointer,2359.1409396,0.475136245249,0.465814025904,0.494999748536,5
a2c_pointer,2379.16778523,0.490575188758,0.477487940436,0.494279572148,5
a2c_pointer,2399.19463087,0.453876181345,0.444547407889,0.458658274551,5
a2c_pointer,2419.22147651,0.460950608221,0.459390729866,0.518718540268,5
a2c_pointer,2439.24832215,0.446503475551,0.434514107656,0.449970466374,5
a2c_pointer,2459.27516779,0.471011301962,0.464752527479,0.477153975055,5
a2c_pointer,2479.30201342,0.435487888003,0.429982434983,0.460550807466,5
a2c_pointer,2499.32885906,0.492509587728,0.483439768525,0.515520134228,5
a2c_pointer,2519.3557047,0.475449157222,0.421220980003,0.488537689614,5
a2c_pointer,2539.38255034,0.470548635247,0.465710430827,0.472868121661,5
a2c_pointer,2559.40939597,0.48832385172,0.475930028314,0.496552537752,5
a2c_pointer,2579.43624161,0.459831701137,0.455372284191,0.468720947901,5
a2c_pointer,2599.46308725,0.498910051384,0.472555316695,0.513756423029,5
a2c_pointer,2619.48993289,0.436644594919,0.433861318227,0.475236536519,5
a2c_pointer,2639.51677852,0.460589797737,0.427968918534,0.476482847491,5
a2c_pointer,2659.54362416,0.464920433096,0.459920957424,0.47438981229,5
a2c_pointer,2679.5704698,0.475861477666,0.446850308391,0.494609778947,5
a2c_pointer,2699.59731544,0.474251520554,0.461878014891,0.486426436661,5
a2c_pointer,2719.62416107,0.464219905664,0.437860074819,0.477486121336,5
a2c_pointer,2739.65100671,0.503181151341,0.483769881694,0.531254748386,5
a2c_pointer,2759.67785235,0.454407786605,0.429339302835,0.457755144843,5
a2c_pointer,2779.70469799,0.463702197794,0.449241756266,0.470770739346,5
a2c_pointer,2799.73154362,0.477915268456,0.462196544673,0.499168283347,5
a2c_pointer,2819.75838926,0.445084684461,0.408223028095,0.467054384673,5
a2c_pointer,2839.7852349,0.498201552013,0.447160759228,0.499148621015,5
a2c_pointer,2859.81208054,0.471998431294,0.465855223171,0.487713583756,5
a2c_pointer,2879.83892617,0.489835042396,0.479577257182,0.493388841747,5
a2c_pointer,2899.86577181,0.472160103817,0.446566956795,0.482891149329,5
a2c_pointer,2919.89261745,0.448072583165,0.41733494074,0.45667023888,5
a2c_pointer,2939.91946309,0.464535706795,0.458168388213,0.488579462039,5
a2c_pointer,2959.94630872,0.442548965895,0.431229401366,0.444550992587,5
a2c_pointer,2979.97315436,0.466803362232,0.457002759682,0.492080761625,5
a2c_pointer,3000,0.448979591837,0.438775510204,0.489795918367,5
traditional_ppo,16,0.21875,0.201171875,0.2421875,5
traditional_ppo,36.0268456376,0.175784032153,0.174317195418,0.177686703876,5
traditional_ppo,56.0536912752,0.193900557287,0.192111151298,0.197680807852,5
traditional_ppo,76.0805369128,0.194676751258,0.192762950923,0.225028838087,5
traditional_ppo,96.1073825503,0.188570326411,0.171160735687,0.189160196377,5
traditional_ppo,116.134228188,0.220602191695,0.214904047819,0.230146287752,5
traditional_ppo,136.161073826,0.208589790782,0.206291304273,0.210695452678,5
traditional_ppo,156.187919463,0.221991208396,0.206233387336,0.254273146444,5
traditional_ppo,176.214765101,0.195276117998,0.19094259348,0.217011582317,5
traditional_ppo,196.241610738,0.208586179333,0.1998728235,0.213398100431,5
traditional_ppo,216.268456376,0.22466442953,0.223322147651,0.230369127517,5
traditional_ppo,236.295302013,0.208411946994,0.207116212676,0.210780308348,5
traditional_ppo,256.322147651,0.240159658138,0.238155411074,0.243436713507,5
traditional_ppo,276.348993289,0.219714363829,0.210070725543,0.222206022719,5
traditional_ppo,296.375838926,0.27770322291,0.259060957778,0.288620833191,5
traditional_ppo,316.402684564,0.23700108504,0.221297034439,0.252003578277,5
traditional_ppo,336.429530201,0.229009691256,0.228093419887,0.237033461009,5
traditional_ppo,356.456375839,0.259830510696,0.254749108641,0.264186700398,5
traditional_ppo,376.483221477,0.215658439341,0.214769701924,0.227352497731,5
traditional_ppo,396.510067114,0.283179530201,0.275612153943,0.284650272651,5
traditional_ppo,416.536912752,0.238486701308,0.236666397369,0.23893839992,5
traditional_ppo,436.563758389,0.254164134194,0.249915197832,0.260664741987,5
traditional_ppo,456.590604027,0.257027317534,0.255602453859,0.261350408977,5
traditional_ppo,476.617449664,0.22394613912,0.216489032431,0.230043970058,5
traditional_ppo,496.644295302,0.252791526846,0.248904152685,0.27420511745,5
traditional_ppo,516.67114094,0.225396002046,0.212035848578,0.236407844388,5
traditional_ppo,536.697986577,0.274397677223,0.25412581271,0.277147126678,5
traditional_ppo,556.724832215,0.229918953739,0.222679951805,0.239746053623,5
traditional_ppo,576.751677852,0.270509150074,0.251832810253,0.271286012832,5
traditional_ppo,596.77852349,0.260771587368,0.242009067679,0.264057898747,5
traditional_ppo,616.805369128,0.234292271072,0.227769392677,0.253699996148,5
traditional_ppo,636.832214765,0.275336881292,0.25521248427,0.277849727349,5
traditional_ppo,656.859060403,0.224267170165,0.22221693732,0.235543450812,5
traditional_ppo,676.88590604,0.283988307466,0.283036650587,0.320887950923,5
traditional_ppo,696.912751678,0.240393332249,0.225741711324,0.25543659473,5
traditional_ppo,716.939597315,0.254721233607,0.247691481689,0.263313539027,5
traditional_ppo,736.966442953,0.261730547399,0.252592150797,0.273377857592,5
traditional_ppo,756.993288591,0.234496317927,0.220140407778,0.236525216473,5
traditional_ppo,777.020134228,0.294621696728,0.29060074979,0.295471764891,5
traditional_ppo,797.046979866,0.234896600209,0.231631797014,0.243129098326,5
traditional_ppo,817.073825503,0.274527756258,0.263282306683,0.29177570121,5
traditional_ppo,837.100671141,0.260411673058,0.251805991902,0.262554198483,5
traditional_ppo,857.127516779,0.250383883629,0.248265300772,0.261603919305,5
traditional_ppo,877.154362416,0.27438981229,0.2706972263,0.279345375419,5
traditional_ppo,897.181208054,0.246048272497,0.223605659756,0.253628837231,5
traditional_ppo,917.208053691,0.290668257131,0.275515153104,0.300676384228,5
traditional_ppo,937.234899329,0.252150390357,0.241252161519,0.271876177065,5
traditional_ppo,957.261744966,0.271337643174,0.249938070341,0.274816605281,5
traditional_ppo,977.288590604,0.258500681628,0.24822383599,0.25985082844,5
traditional_ppo,997.315436242,0.261140383167,0.250858187235,0.262847127106,5
traditional_ppo,1017.34228188,0.267859389981,0.237799616491,0.2743077789,5
traditional_ppo,1037.36912752,0.244723004554,0.243649735481,0.25695003253,5
traditional_ppo,1057.39597315,0.271268089346,0.242351352768,0.277854970638,5
traditional_ppo,1077.42281879,0.239676071771,0.228788864539,0.244017942748,5
traditional_ppo,1097.44966443,0.280889523909,0.263424129614,0.307197724413,5
traditional_ppo,1117.47651007,0.247588943295,0.246561258732,0.248408180386,5
traditional_ppo,1137.5033557,0.273408340895,0.268768030492,0.273574333781,5
traditional_ppo,1157.53020134,0.277658347315,0.262379404362,0.287350566275,5
traditional_ppo,1177.55704698,0.245116652471,0.233445653849,0.247317094833,5
traditional_ppo,1197.58389262,0.298686556208,0.274155830537,0.299234479866,5
traditional_ppo,1217.61073826,0.246816253767,0.242567691926,0.26100181054,5
traditional_ppo,1237.63758389,0.287159132739,0.27158121533,0.292530025853,5
traditional_ppo,1257.66442953,0.246815504725,0.245077087043,0.273812769655,5
traditional_ppo,1277.69127517,0.239494696788,0.22541352426,0.24663680489,5
traditional_ppo,1297.71812081,0.270446203859,0.261138055789,0.272450450923,5
traditional_ppo,1317.74496644,0.232913941583,0.220635229763,0.238623561841,5
traditional_ppo,1337.77181208,0.275360476091,0.271527632131,0.323273647232,5
traditional_ppo,1357.79865772,0.261635820436,0.24139244624,0.269398027667,5
traditional_ppo,1377.82550336,0.269128105311,0.259470556259,0.275215402856,5
traditional_ppo,1397.85234899,0.261052852349,0.257466442953,0.270868288591,5
traditional_ppo,1417.87919463,0.241164523695,0.233535271281,0.245102206675,5
traditional_ppo,1437.90604027,0.302878565436,0.301017197987,0.306627516779,5
traditional_ppo,1457.93288591,0.256318055746,0.245442726168,0.259479865772,5
traditional_ppo,1477.95973154,0.294708665765,0.294460947131,0.300959414806,5
traditional_ppo,1497.98657718,0.22509865943,0.222827994453,0.247992569511,5
traditional_ppo,1518.01342282,0.280276714555,0.269629561661,0.297536965185,5
traditional_ppo,1538.04026846,0.229670539566,0.223920952609,0.266496402462,5
traditional_ppo,1558.06711409,0.25897411581,0.24923183147,0.270143457446,5
traditional_ppo,1578.09395973,0.261515572567,0.255525115352,0.276888239304,5
traditional_ppo,1598.12080537,0.267206814563,0.252138847097,0.278835211465,5
traditional_ppo,1618.14765101,0.299278392408,0.284275377517,0.301114854237,5
traditional_ppo,1638.17449664,0.234020114967,0.2221802343,0.24497564546,5
traditional_ppo,1658.20134228,0.277944922464,0.2588499221,0.288881125017,5
traditional_ppo,1678.22818792,0.245432400099,0.244265126353,0.245990649825,5
traditional_ppo,1698.25503356,0.251327474939,0.237854630894,0.259886274141,5
traditional_ppo,1718.28187919,0.274919384438,0.262773306418,0.278237730705,5
traditional_ppo,1738.30872483,0.254428492244,0.23784466597,0.259651877739,5
traditional_ppo,1758.33557047,0.286995988884,0.286767905831,0.303819080327,5
traditional_ppo,1778.36241611,0.238773691104,0.234789273302,0.241816938604,5
traditional_ppo,1798.38926174,0.277979966892,0.274248939037,0.289614851026,5
traditional_ppo,1818.41610738,0.258640284186,0.24036873427,0.272337720218,5
traditional_ppo,1838.44295302,0.225366709184,0.223057120814,0.250598497316,5
traditional_ppo,1858.46979866,0.279384700084,0.275102244128,0.284800361787,5
traditional_ppo,1878.4966443,0.238883693158,0.233311628972,0.239169131369,5
traditional_ppo,1898.52348993,0.285818148306,0.274577714632,0.286546256506,5
traditional_ppo,1918.55033557,0.250374306602,0.246543709766,0.252533310933,5
traditional_ppo,1938.57718121,0.249273095616,0.24240906907,0.251733428533,5
traditional_ppo,1958.60402685,0.26731596057,0.253385198196,0.275131737626,5
traditional_ppo,1978.63087248,0.227935813587,0.194549333995,0.236976527188,5
traditional_ppo,1998.65771812,0.253492030201,0.244971686242,0.279939177852,5
traditional_ppo,2018.68456376,0.253447997278,0.227409184101,0.259097373219,5
traditional_ppo,2038.7114094,0.282278995386,0.282206900168,0.286585046141,5
traditional_ppo,2058.73825503,0.250170567388,0.24845312286,0.256681019723,5
traditional_ppo,2078.76510067,0.303776077335,0.291129051243,0.315802067996,5
traditional_ppo,2098.79194631,0.268680018148,0.265073277633,0.273531023148,5
traditional_ppo,2118.81879195,0.264164503364,0.262844451959,0.26591552099,5
traditional_ppo,2138.84563758,0.282707634228,0.251457634228,0.284070889262,5
traditional_ppo,2158.87248322,0.231995403027,0.204836131181,0.236763478462,5
traditional_ppo,2178.89932886,0.269274328859,0.268440645973,0.316317114094,5
traditional_ppo,2198.9261745,0.24492824185,0.239201928674,0.248445953465,5
traditional_ppo,2218.95302013,0.285283051979,0.27257503253,0.288489483461,5
traditional_ppo,2238.97986577,0.265438863255,0.246888108221,0.277515467701,5
traditional_ppo,2259.00671141,0.249722854746,0.236387780783,0.258115326668,5
traditional_ppo,2279.03355705,0.284918991191,0.280736157718,0.292089188339,5
traditional_ppo,2299.06040268,0.234445195864,0.227972623613,0.253973770716,5
traditional_ppo,2319.08724832,0.304473354463,0.282736713079,0.313295455032,5
traditional_ppo,2339.11409396,0.253860772497,0.238546089577,0.257815710177,5
traditional_ppo,2359.1409396,0.265480675806,0.250407558682,0.273390417409,5
traditional_ppo,2379.16778523,0.269664953859,0.268875838926,0.285289953859,5
traditional_ppo,2399.19463087,0.25121130667,0.233906849233,0.257897034653,5
traditional_ppo,2419.22147651,0.286231124161,0.283425964765,0.305277369966,5
traditional_ppo,2439.24832215,0.248363237913,0.23767206547,0.252972516607,5
traditional_ppo,2459.27516779,0.27476036031,0.271225955777,0.285046301448,5
traditional_ppo,2479.30201342,0.239834574245,0.236544410654,0.254266726091,5
traditional_ppo,2499.32885906,0.281010306807,0.263512703739,0.291017497603,5
traditional_ppo,2519.3557047,0.250782855088,0.24464970552,0.265352563005,5
traditional_ppo,2539.38255034,0.275912813741,0.257682287208,0.277634003476,5
traditional_ppo,2559.40939597,0.28733549182,0.279549208263,0.28800073406,5
traditional_ppo,2579.43624161,0.248639955143,0.239805762909,0.256684015888,5
traditional_ppo,2599.46308725,0.280928848574,0.278011613884,0.283938496225,5
traditional_ppo,2619.48993289,0.257713519552,0.229876686413,0.268154191207,5
traditional_ppo,2639.51677852,0.277569799942,0.276020220903,0.278450792807,5
traditional_ppo,2659.54362416,0.270903025378,0.256169384438,0.279843487836,5
traditional_ppo,2679.5704698,0.24238626344,0.240169569558,0.260974524038,5
traditional_ppo,2699.59731544,0.279855285235,0.278043073616,0.296526321309,5
traditional_ppo,2719.62416107,0.261259320213,0.251637297117,0.262334782906,5
traditional_ppo,2739.65100671,0.295824737194,0.290343561135,0.302057094597,5
traditional_ppo,2759.67785235,0.266168643422,0.261770701359,0.277273607639,5
traditional_ppo,2779.70469799,0.26641497098,0.26288798998,0.270206390285,5
traditional_ppo,2799.73154362,0.286463795092,0.28521130453,0.29510473469,5
traditional_ppo,2819.75838926,0.234093467504,0.214229429188,0.257702658454,5
traditional_ppo,2839.7852349,0.29287109375,0.291342675126,0.293992502097,5
traditional_ppo,2859.81208054,0.260041165166,0.252937044155,0.276563677065,5
traditional_ppo,2879.83892617,0.294468905694,0.247677972196,0.295440853565,5
traditional_ppo,2899.86577181,0.278347839765,0.277708813968,0.296989696938,5
traditional_ppo,2919.89261745,0.236398213858,0.236012123232,0.239338334432,5
traditional_ppo,2939.91946309,0.264156879195,0.262878827601,0.282685350252,5
traditional_ppo,2959.94630872,0.236345834475,0.228727015135,0.238807023439,5
traditional_ppo,2979.97315436,0.277278610165,0.269447116619,0.30261165262,5
traditional_ppo,3000,0.265306122449,0.229591836735,0.275510204082,5
no_priority_bias,16,0.224609375,0.21484375,0.236328125,5
no_priority_bias,36.0268456376,0.207217975277,0.205430120874,0.227142150904,5
no_priority_bias,56.0536912752,0.267239451359,0.2484738285,0.300838230636,5
no_priority_bias,76.0805369128,0.312781826762,0.311798710151,0.321498794044,5
no_priority_bias,96.1073825503,0.278318573654,0.27331631583,0.318210101784,5
no_priority_bias,116.134228188,0.34465315646,0.334751205956,0.377231019295,5
no_priority_bias,136.161073826,0.354332882482,0.341932611971,0.374234479866,5
no_priority_bias,156.187919463,0.392726595672,0.388281838532,0.404755662752,5
no_priority_bias,176.214765101,0.370306935694,0.37020421004,0.384026588823,5
no_priority_bias,196.241610738,0.391961503561,0.386631807715,0.417199243896,5
no_priority_bias,216.268456376,0.426593959732,0.412751677852,0.427296560403,5
no_priority_bias,236.295302013,0.392714825024,0.369783569888,0.426949219285,5
no_priority_bias,256.322147651,0.466736577181,0.457846581376,0.473908085151,5
no_priority_bias,276.348993289,0.389577118075,0.375311922168,0.404499383646,5
no_priority_bias,296.375838926,0.436491870763,0.406876619802,0.477947356848,5
no_priority_bias,316.402684564,0.425854789798,0.407469171603,0.458184104703,5
no_priority_bias,336.429530201,0.433009899115,0.410121339329,0.448404000469,5
no_priority_bias,356.456375839,0.449397021812,0.437058580642,0.45552380453,5
no_priority_bias,376.483221477,0.434981910654,0.428202472264,0.461924977101,5
no_priority_bias,396.510067114,0.426639183096,0.418474727349,0.42737455432,5
no_priority_bias,416.536912752,0.429801327515,0.423735431148,0.435887956273,5
no_priority_bias,436.563758389,0.424985159621,0.392810729053,0.425418533474,5
no_priority_bias,456.590604027,0.377042588612,0.36824631659,0.397453727978,5
no_priority_bias,476.617449664,0.402299409434,0.39312017671,0.407189578589,5
no_priority_bias,496.644295302,0.457602768456,0.44449454698,0.470190855705,5
no_priority_bias,516.67114094,0.450368595162,0.439937126014,0.458437976176,5
no_priority_bias,536.697986577,0.451270186661,0.439312211619,0.475205799077,5
no_priority_bias,556.724832215,0.460264753972,0.444813638543,0.471527712385,5
no_priority_bias,576.751677852,0.453831372629,0.438794771264,0.460331110999,5
no_priority_bias,596.77852349,0.469023186036,0.466978142977,0.477637802185,5
no_priority_bias,616.805369128,0.434391478907,0.433629329458,0.449382335254,5
no_priority_bias,636.832214765,0.45650036703,0.455812185403,0.468136535235,5
no_priority_bias,656.859060403,0.440058778335,0.439308292528,0.442609531229,5
no_priority_bias,676.88590604,0.49821138318,0.488352689807,0.528423212039,5
no_priority_bias,696.912751678,0.454409284687,0.434942880256,0.456137322798,5
no_priority_bias,716.939597315,0.4605886608,0.455948082882,0.476773569117,5
no_priority_bias,736.966442953,0.46010119547,0.45705550021,0.469239592072,5
no_priority_bias,756.993288591,0.431429489004,0.404310116979,0.436166238465,5
no_priority_bias,777.020134228,0.467378224622,0.449985580956,0.489381029782,5
no_priority_bias,797.046979866,0.429570168042,0.428722306876,0.435716265323,5
no_priority_bias,817.073825503,0.45575500413,0.425910325854,0.461524226668,5
no_priority_bias,837.100671141,0.466285921877,0.434765464491,0.469773511334,5
no_priority_bias,857.127516779,0.455268929877,0.437355742685,0.47317850562,5
no_priority_bias,877.154362416,0.450190724622,0.434449061451,0.490651871854,5
no_priority_bias,897.181208054,0.421012800045,0.409604902154,0.438728160098,5
no_priority_bias,917.208053691,0.468822095218,0.46768823406,0.498928402894,5
no_priority_bias,937.234899329,0.450316041895,0.425317914498,0.474520774123,5
no_priority_bias,957.261744966,0.451547933823,0.443203480795,0.478181432231,5
no_priority_bias,977.288590604,0.461904231334,0.445112599622,0.470431129404,5
no_priority_bias,997.315436242,0.444353727229,0.438360327352,0.477751335434,5
no_priority_bias,1017.34228188,0.458823919669,0.406115814614,0.47632195076,5
no_priority_bias,1037.36912752,0.454800177202,0.450879481407,0.460043465792,5
no_priority_bias,1057.39597315,0.467943844379,0.438024328859,0.481655044044,5
no_priority_bias,1077.42281879,0.448202301055,0.439131625805,0.462364744556,5
no_priority_bias,1097.44966443,0.464901426174,0.410651740772,0.506847734899,5
no_priority_bias,1117.47651007,0.457516521709,0.442194562389,0.481253852212,5
no_priority_bias,1137.5033557,0.465093341238,0.441207887832,0.468636172485,5
no_priority_bias,1157.53020134,0.508132340604,0.428206270973,0.511315016779,5
no_priority_bias,1177.55704698,0.457800889861,0.457164873605,0.477809386129,5
no_priority_bias,1197.58389262,0.47965079698,0.432597525168,0.498909395973,5
no_priority_bias,1217.61073826,0.459852032256,0.446749054068,0.463508637515,5
no_priority_bias,1237.63758389,0.48646348745,0.456851480105,0.503931663899,5
no_priority_bias,1257.66442953,0.466752949082,0.44295366217,0.468564451787,5
no_priority_bias,1277.69127517,0.446785703585,0.446099260803,0.461578197764,5
no_priority_bias,1297.71812081,0.478202338507,0.44973128146,0.495322986577,5
no_priority_bias,1317.74496644,0.427423469388,0.420419291878,0.438208807013,5
no_priority_bias,1337.77181208,0.4609375,0.45939335151,0.506242135067,5
no_priority_bias,1357.79865772,0.461688681345,0.442968000959,0.464158377277,5
no_priority_bias,1377.82550336,0.466569353727,0.453889690839,0.482640969559,5
no_priority_bias,1397.85234899,0.469096057047,0.467533557047,0.482246224832,5
no_priority_bias,1417.87919463,0.459746658206,0.457724648165,0.46028596789,5
no_priority_bias,1437.90604027,0.487966652685,0.487914219799,0.506632760067,5
no_priority_bias,1457.93288591,0.470314212094,0.465009609129,0.485713429667,5
no_priority_bias,1477.95973154,0.490256043693,0.47929596545,0.521106911724,5
no_priority_bias,1497.98657718,0.49484338618,0.448706726818,0.495629879469,5
no_priority_bias,1518.01342282,0.486868839136,0.472754561661,0.507376651636,5
no_priority_bias,1538.04026846,0.43700889647,0.42919912512,0.474797812372,5
no_priority_bias,1558.06711409,0.437685922733,0.433437387644,0.458306425811,5
no_priority_bias,1578.09395973,0.47061136745,0.470319709522,0.478771235319,5
no_priority_bias,1598.12080537,0.460097236252,0.46002634485,0.461699916963,5
no_priority_bias,1618.14765101,0.488008598993,0.483798238255,0.501816799497,5
no_priority_bias,1638.17449664,0.448895003681,0.417982714269,0.463866518713,5
no_priority_bias,1658.20134228,0.45561710029,0.451903327134,0.463190843399,5
no_priority_bias,1678.22818792,0.467722315436,0.451634193946,0.46942242501,5
no_priority_bias,1698.25503356,0.451781273541,0.441663799801,0.465240808729,5
no_priority_bias,1718.28187919,0.460900141569,0.453591652685,0.485561949455,5
no_priority_bias,1738.30872483,0.468840312971,0.456008862228,0.486956998613,5
no_priority_bias,1758.33557047,0.454251651636,0.426780096477,0.491931889681,5
no_priority_bias,1778.36241611,0.434174791981,0.407168324545,0.456176914977,5
no_priority_bias,1798.38926174,0.477109366975,0.46868459265,0.478609455789,5
no_priority_bias,1818.41610738,0.460496408347,0.451692926804,0.475100277894,5
no_priority_bias,1838.44295302,0.432768734591,0.416409272916,0.43541251573,5
no_priority_bias,1858.46979866,0.498605940646,0.469211409396,0.515193739513,5
no_priority_bias,1878.4966443,0.473692067011,0.464433114899,0.486067030629,5
no_priority_bias,1898.52348993,0.482057586825,0.439155180476,0.504148885855,5
no_priority_bias,1918.55033557,0.449666355636,0.435340995668,0.450870064888,5
no_priority_bias,1938.57718121,0.469825074797,0.447079702267,0.472650431555,5
no_priority_bias,1958.60402685,0.466020212878,0.442772782089,0.483522965604,5
no_priority_bias,1978.63087248,0.46059684675,0.41574019184,0.4620675892,5
no_priority_bias,1998.65771812,0.473558095638,0.462846057047,0.475089135906,5
no_priority_bias,2018.68456376,0.465483377705,0.456058298949,0.466502341289,5
no_priority_bias,2038.7114094,0.476313443792,0.456723206795,0.500511220638,5
no_priority_bias,2058.73825503,0.449482519518,0.448636102931,0.455822404465,5
no_priority_bias,2078.76510067,0.453887951993,0.451396453611,0.491048823577,5
no_priority_bias,2098.79194631,0.453600320162,0.449781707985,0.467343514587,5
no_priority_bias,2118.81879195,0.456472411742,0.447158351596,0.470909913882,5
no_priority_bias,2138.84563758,0.432340604027,0.421088506711,0.479404362416,5
no_priority_bias,2158.87248322,0.461076821668,0.447789151315,0.46161955554,5
no_priority_bias,2178.89932886,0.459322567114,0.434034186242,0.466385276846,5
no_priority_bias,2198.9261745,0.462141958293,0.425174633612,0.464875958773,5
no_priority_bias,2218.95302013,0.471637553931,0.456193928914,0.498000594953,5
no_priority_bias,2238.97986577,0.499626415688,0.4765625,0.561502464346,5
no_priority_bias,2259.00671141,0.468533848103,0.466592761266,0.472555129434,5
no_priority_bias,2279.03355705,0.483431208054,0.478623112416,0.484095794883,5
no_priority_bias,2299.06040268,0.45277016847,0.446598068758,0.461587453773,5
no_priority_bias,2319.08724832,0.504210414241,0.467112809889,0.539112391496,5
no_priority_bias,2339.11409396,0.482023010547,0.446839474045,0.492389741131,5
no_priority_bias,2359.1409396,0.476439844499,0.457988818955,0.478921712351,5
no_priority_bias,2379.16778523,0.485712038591,0.472467491611,0.488860633389,5
no_priority_bias,2399.19463087,0.454159211923,0.437468433263,0.458925789275,5
no_priority_bias,2419.22147651,0.462576027685,0.462497378356,0.506147755872,5
no_priority_bias,2439.24832215,0.447382314923,0.439461952986,0.465738640255,5
no_priority_bias,2459.27516779,0.460767895665,0.431328970347,0.4757776118,5
no_priority_bias,2479.30201342,0.449795511745,0.417903208893,0.482369442114,5
no_priority_bias,2499.32885906,0.462436652513,0.44742586632,0.501018696069,5
no_priority_bias,2519.3557047,0.430153189632,0.418607789173,0.470674714936,5
no_priority_bias,2539.38255034,0.458611459475,0.448233091999,0.46212753925,5
no_priority_bias,2559.40939597,0.498787489513,0.441845375419,0.499986891779,5
no_priority_bias,2579.43624161,0.467328266248,0.464498067474,0.483542815197,5
no_priority_bias,2599.46308725,0.49396366401,0.48154296875,0.517637111997,5
no_priority_bias,2619.48993289,0.466401862759,0.443236960262,0.481368402017,5
no_priority_bias,2639.51677852,0.454107849096,0.452512056889,0.475005764942,5
no_priority_bias,2659.54362416,0.476283950294,0.474724071938,0.481729105495,5
no_priority_bias,2679.5704698,0.497500676812,0.462905204552,0.504835194879,5
no_priority_bias,2699.59731544,0.46866479656,0.467898621015,0.500806811032,5
no_priority_bias,2719.62416107,0.470135244744,0.463081951531,0.501565282153,5
no_priority_bias,2739.65100671,0.52478115958,0.508745791993,0.539091592226,5
no_priority_bias,2759.67785235,0.484814901212,0.466178487964,0.486005930266,5
no_priority_bias,2779.70469799,0.469727365044,0.456178078666,0.484246526054,5
no_priority_bias,2799.73154362,0.474484846896,0.461885879824,0.483543283347,5
no_priority_bias,2819.75838926,0.448782647497,0.410499578397,0.452522075315,5
no_priority_bias,2839.7852349,0.479889366611,0.460750707844,0.480998322148,5
no_priority_bias,2859.81208054,0.492487919035,0.462487747826,0.499915465347,5
no_priority_bias,2879.83892617,0.474200144351,0.438898767613,0.496989054903,5
no_priority_bias,2899.86577181,0.491368236158,0.487785103817,0.49968867974,5
no_priority_bias,2919.89261745,0.432584951976,0.426571087223,0.448547756194,5
no_priority_bias,2939.91946309,0.459099071938,0.457686661074,0.485888999581,5
no_priority_bias,2959.94630872,0.430586938005,0.430523644021,0.461819924069,5
no_priority_bias,2979.97315436,0.492151385512,0.472558740883,0.494022049099,5
no_priority_bias,3000,0.474489795918,0.433673469388,0.474489795918,5
no_domain_randomization,16,0.251953125,0.2421875,0.3046875,5
no_domain_randomization,36.0268456376,0.262311134605,0.247729442028,0.262493900664,5
no_domain_randomization,56.0536912752,0.330812987947,0.317028756763,0.333762337779,5
no_domain_randomization,76.0805369128,0.362888003356,0.359918991191,0.365214712668,5
no_domain_randomization,96.1073825503,0.320914408129,0.312530764193,0.336379969354,5
no_domain_randomization,116.134228188,0.460342386745,0.446282508389,0.492233378775,5
no_domain_randomization,136.161073826,0.392340090399,0.352268096836,0.397429932543,5
no_domain_randomization,156.187919463,0.515478000659,0.48175308819,0.517219387755,5
no_domain_randomization,176.214765101,0.444813852554,0.439778369401,0.493508594713,5
no_domain_randomization,196.241610738,0.448042487759,0.445738784713,0.482224984163,5
no_domain_randomization,216.268456376,0.563506711409,0.533158557047,0.567659395973,5
no_domain_randomization,236.295302013,0.453162024038,0.410080596836,0.454352571566,5
no_domain_randomization,256.322147651,0.539143770973,0.526576919044,0.567116715604,5
no_domain_randomization,276.348993289,0.457082586076,0.434500785423,0.462278150039,5
no_domain_randomization,296.375838926,0.55766537359,0.547882928601,0.5632605778,5
no_domain_randomization,316.402684564,0.487754326248,0.471398128253,0.499935395194,5
no_domain_randomization,336.429530201,0.487121072081,0.480148635193,0.490435713269,5
no_domain_randomization,356.456375839,0.535460688444,0.50086350409,0.535533439073,5
no_domain_randomization,376.483221477,0.435490884168,0.430276192902,0.454496093215,5
no_domain_randomization,396.510067114,0.527290333997,0.524524826971,0.535844431628,5
no_domain_randomization,416.536912752,0.478446606201,0.476236800824,0.481100887293,5
no_domain_randomization,436.563758389,0.548388230476,0.528928808179,0.562689567621,5
no_domain_randomization,456.590604027,0.530835452496,0.471727860214,0.557907862311,5
no_domain_randomization,476.617449664,0.49442205049,0.477856100887,0.507754950895,5
no_domain_randomization,496.644295302,0.604276426174,0.568263422819,0.604761954698,5
no_domain_randomization,516.67114094,0.509066274633,0.478366017391,0.511837994688,5
no_domain_randomization,536.697986577,0.602031118918,0.598806496435,0.603010958473,5
no_domain_randomization,556.724832215,0.518239314392,0.511854005444,0.519615463635,5
no_domain_randomization,576.751677852,0.554754378681,0.550582352803,0.591335947131,5
no_domain_randomization,596.77852349,0.536233906314,0.534558194083,0.543346801808,5
no_domain_randomization,616.805369128,0.512990046847,0.497427912807,0.522110091939,5
no_domain_randomization,636.832214765,0.575761587668,0.552037673029,0.584698117659,5
no_domain_randomization,656.859060403,0.435110933006,0.421760343189,0.490967739864,5
no_domain_randomization,676.88590604,0.633502647861,0.617676436661,0.669883205747,5
no_domain_randomization,696.912751678,0.531007792169,0.528565757259,0.533610710434,5
no_domain_randomization,716.939597315,0.574033429175,0.559456418106,0.584704925909,5
no_domain_randomization,736.966442953,0.575114041527,0.558652736997,0.578614592072,5
no_domain_randomization,756.993288591,0.499523221883,0.478490545495,0.514921837548,5
no_domain_randomization,777.020134228,0.629844143247,0.626506790059,0.630073537122,5
no_domain_randomization,797.046979866,0.523592765546,0.498860226767,0.524447796107,5
no_domain_randomization,817.073825503,0.608608302801,0.561848534768,0.612278069785,5
no_domain_randomization,837.100671141,0.53122057338,0.530314233495,0.53593659045,5
no_domain_randomization,857.127516779,0.53760273903,0.527250654876,0.562831383864,5
no_domain_randomization,877.154362416,0.605138422819,0.59596528943,0.606051410445,5
no_domain_randomization,897.181208054,0.522723235687,0.488520675678,0.525923246816,5
no_domain_randomization,917.208053691,0.670131606544,0.636531957844,0.671547294463,5
no_domain_randomization,937.234899329,0.528744671107,0.522019671963,0.544507280681,5
no_domain_randomization,957.261744966,0.558765093181,0.540414118143,0.581621350564,5
no_domain_randomization,977.288590604,0.580084679111,0.571053114513,0.590980888213,5
no_domain_randomization,997.315436242,0.537692824613,0.535120403027,0.567663034173,5
no_domain_randomization,1017.34228188,0.520294201993,0.518341772531,0.598420486064,5
no_domain_randomization,1037.36912752,0.528319108684,0.527629990755,0.539833477435,5
no_domain_randomization,1057.39597315,0.613844903523,0.600081270973,0.620104079279,5
no_domain_randomization,1077.42281879,0.513715586906,0.511325503356,0.514218942611,5
no_domain_randomization,1097.44966443,0.655079435822,0.653907560822,0.659841652685,5
no_domain_randomization,1117.47651007,0.53734719559,0.530239436379,0.544607331188,5
no_domain_randomization,1137.5033557,0.558831971862,0.556822936284,0.559391612664,5
no_domain_randomization,1157.53020134,0.566188653523,0.55946675755,0.593270239094,5
no_domain_randomization,1177.55704698,0.502372186815,0.499645409233,0.529179302279,5
no_domain_randomization,1197.58389262,0.624263317953,0.60972892198,0.63443005453,5
no_domain_randomization,1217.61073826,0.518970967162,0.511222242672,0.527508967094,5
no_domain_randomization,1237.63758389,0.620712541518,0.615778767463,0.626866985259,5
no_domain_randomization,1257.66442953,0.523680082352,0.50976706958,0.539729574716,5
no_domain_randomization,1277.69127517,0.536804408215,0.512023181756,0.555146555266,5
no_domain_randomization,1297.71812081,0.605002097315,0.586089555369,0.61314099203,5
no_domain_randomization,1317.74496644,0.476393002671,0.475963267018,0.480099258663,5
no_domain_randomization,1337.77181208,0.648463716443,0.618617606963,0.660262426594,5
no_domain_randomization,1357.79865772,0.528133988495,0.525973539584,0.565424470963,5
no_domain_randomization,1377.82550336,0.608382520374,0.590995534644,0.626554126789,5
no_domain_randomization,1397.85234899,0.588265520134,0.567082634228,0.601090604027,5
no_domain_randomization,1417.87919463,0.510178400219,0.478306294728,0.515016939032,5
no_domain_randomization,1437.90604027,0.630138422819,0.593854865772,0.646418833893,5
no_domain_randomization,1457.93288591,0.520493339953,0.501943440967,0.530787306533,5
no_domain_randomization,1477.95973154,0.638672677544,0.606768336529,0.668455091768,5
no_domain_randomization,1497.98657718,0.522897120257,0.506732810574,0.560207933845,5
no_domain_randomization,1518.01342282,0.681693057886,0.667506685193,0.686090866191,5
no_domain_randomization,1538.04026846,0.519395138508,0.516620903815,0.530537287272,5
no_domain_randomization,1558.06711409,0.617399906691,0.611930635037,0.64190525859,5
no_domain_randomization,1578.09395973,0.599140756082,0.595768666107,0.623043597945,5
no_domain_randomization,1598.12080537,0.553691542683,0.538672931683,0.557223539584,5
no_domain_randomization,1618.14765101,0.644244835361,0.640063968121,0.661708263423,5
no_domain_randomization,1638.17449664,0.521229379965,0.51976489736,0.548429474558,5
no_domain_randomization,1658.20134228,0.659618211011,0.642869047262,0.669563605906,5
no_domain_randomization,1678.22818792,0.581455451308,0.533724083174,0.597619707489,5
no_domain_randomization,1698.25503356,0.564808919583,0.555899141064,0.567285905291,5
no_domain_randomization,1718.28187919,0.594093435403,0.582290792785,0.610625524329,5
no_domain_randomization,1738.30872483,0.483581337317,0.47957594636,0.491478264964,5
no_domain_randomization,1758.33557047,0.651333761535,0.584327154992,0.670250891359,5
no_domain_randomization,1778.36241611,0.55089644184,0.522948804102,0.554007424069,5
no_domain_randomization,1798.38926174,0.595042898661,0.592506457805,0.595342916424,5
no_domain_randomization,1818.41610738,0.569738359899,0.549503198406,0.593919096057,5
no_domain_randomization,1838.44295302,0.481261061734,0.475893245039,0.508318102828,5
no_domain_randomization,1858.46979866,0.63396602349,0.622001494337,0.646261535235,5
no_domain_randomization,1878.4966443,0.534886060129,0.512646491063,0.548805118734,5
no_domain_randomization,1898.52348993,0.676450170567,0.659331702742,0.680724052677,5
no_domain_randomization,1918.55033557,0.5654978235,0.544828084338,0.569925566703,5
no_domain_randomization,1938.57718121,0.573451250257,0.549465144437,0.58414715771,5
no_domain_randomization,1958.60402685,0.621231386326,0.597787332215,0.625275272651,5
no_domain_randomization,1978.63087248,0.536185646658,0.482154574288,0.536683491559,5
no_domain_randomization,1998.65771812,0.600083892617,0.567517827181,0.611661073826,5
no_domain_randomization,2018.68456376,0.529992145768,0.525639413693,0.536111812594,5
no_domain_randomization,2038.7114094,0.628159081376,0.61781014052,0.642702653104,5
no_domain_randomization,2058.73825503,0.520209346322,0.513024114847,0.54024491508,5
no_domain_randomization,2078.76510067,0.642031993691,0.635110451479,0.663887812885,5
no_domain_randomization,2098.79194631,0.570182808862,0.555372337693,0.573915602315,5
no_domain_randomization,2118.81879195,0.561437565274,0.53691114659,0.570292302638,5
no_domain_randomization,2138.84563758,0.603764681208,0.599716862416,0.604257550336,5
no_domain_randomization,2158.87248322,0.506580969217,0.497510828996,0.516142694494,5
no_domain_randomization,2178.89932886,0.630882969799,0.629514471477,0.663134437919,5
no_domain_randomization,2198.9261745,0.543597730619,0.540645545131,0.565777376387,5
no_domain_randomization,2218.95302013,0.635244743871,0.609507152274,0.646838832009,5
no_domain_randomization,2238.97986577,0.57336409396,0.559794463087,0.575572829279,5
no_domain_randomization,2259.00671141,0.541629571292,0.539468052322,0.550967975277,5
no_domain_randomization,2279.03355705,0.663694158977,0.629635067114,0.688784605705,5
no_domain_randomization,2299.06040268,0.533932851664,0.525965621148,0.546593360499,5
no_domain_randomization,2319.08724832,0.675784995206,0.646586164352,0.696916919557,5
no_domain_randomization,2339.11409396,0.574030954664,0.565718737159,0.59562046295,5
no_domain_randomization,2359.1409396,0.586342383535,0.582766781734,0.604692422271,5
no_domain_randomization,2379.16778523,0.631467596477,0.583391883389,0.634773489933,5
no_domain_randomization,2399.19463087,0.503523703945,0.501085039721,0.51222274774,5
no_domain_randomization,2419.22147651,0.656682571309,0.632379928691,0.673356229027,5
no_domain_randomization,2439.24832215,0.535196805232,0.527348993289,0.544888221648,5
no_domain_randomization,2459.27516779,0.638287723856,0.599953398935,0.639244891539,5
no_domain_randomization,2479.30201342,0.573805841023,0.567867816695,0.586789534396,5
no_domain_randomization,2499.32885906,0.658608409807,0.595171038214,0.705832249007,5
no_domain_randomization,2519.3557047,0.576824771435,0.573799019398,0.613126572987,5
no_domain_randomization,2539.38255034,0.597114332048,0.578189337291,0.603430154046,5
no_domain_randomization,2559.40939597,0.623984112836,0.621729498742,0.624518272861,5
no_domain_randomization,2579.43624161,0.518400411759,0.515754744641,0.519520870429,5
no_domain_randomization,2599.46308725,0.669575817953,0.650408321099,0.673330012584,5
no_domain_randomization,2619.48993289,0.578967724884,0.554608636659,0.582106689152,5
no_domain_randomization,2639.51677852,0.648638403558,0.608130989655,0.655191577994,5
no_domain_randomization,2659.54362416,0.593708709102,0.575075372273,0.605865929111,5
no_domain_randomization,2679.5704698,0.558607995159,0.553255226168,0.575136191746,5
no_domain_randomization,2699.59731544,0.633578675545,0.626791893876,0.662886692534,5
no_domain_randomization,2719.62416107,0.554294467367,0.54116751986,0.563277879314,5
no_domain_randomization,2739.65100671,0.696783897861,0.676936646093,0.708302680605,5
no_domain_randomization,2759.67785235,0.564747979729,0.559366493032,0.605245963738,5
no_domain_randomization,2779.70469799,0.591861881078,0.589980851296,0.606366261899,5
no_domain_randomization,2799.73154362,0.58438745281,0.580015205537,0.61376363255,5
no_domain_randomization,2819.75838926,0.481126943227,0.45543568518,0.53474454484,5
no_domain_randomization,2839.7852349,0.668930238045,0.657495936451,0.669349701133,5
no_domain_randomization,2859.81208054,0.555533916587,0.553757886334,0.576954088053,5
no_domain_randomization,2879.83892617,0.642931445072,0.609597170978,0.660558926538,5
no_domain_randomization,2899.86577181,0.60753788276,0.603914770344,0.627508913591,5
no_domain_randomization,2919.89261745,0.561935811447,0.520224581286,0.56597474875,5
no_domain_randomization,2939.91946309,0.654916238465,0.629584600461,0.65989408557,5
no_domain_randomization,2959.94630872,0.53969549334,0.510654415919,0.554290668658,5
no_domain_randomization,2979.97315436,0.671554517361,0.66381504888,0.689118129687,5
no_domain_randomization,3000,0.551020408163,0.464285714286,0.55612244898,5
no_resource_shaping,16,0.224609375,0.21484375,0.236328125,5
no_resource_shaping,36.0268456376,0.207217975277,0.205430120874,0.230649910971,5
no_resource_shaping,56.0536912752,0.267239451359,0.245874120412,0.300838230636,5
no_resource_shaping,76.0805369128,0.313109532299,0.312781826762,0.326696203859,5
no_resource_shaping,96.1073825503,0.275771565967,0.270756199921,0.290232341888,5
no_resource_shaping,116.134228188,0.34465315646,0.327816956795,0.377231019295,5
no_resource_shaping,136.161073826,0.364434666484,0.341932611971,0.371400321874,5
no_resource_shaping,156.187919463,0.393860189315,0.388281838532,0.402451290919,5
no_resource_shaping,176.214765101,0.369159190522,0.368696925079,0.370615112656,5
no_resource_shaping,196.241610738,0.402076235276,0.388783562397,0.408316417486,5
no_resource_shaping,216.268456376,0.423353607383,0.422703439597,0.426342281879,5
no_resource_shaping,236.295302013,0.389879489967,0.379551816532,0.416133813005,5
no_resource_shaping,256.322147651,0.455623427013,0.454663905201,0.465891096896,5
no_resource_shaping,276.348993289,0.395335613272,0.378076740344,0.402264271375,5
no_resource_shaping,296.375838926,0.453450933252,0.422755892547,0.462555863762,5
no_resource_shaping,316.402684564,0.396489029756,0.383184559478,0.442938387079,5
no_resource_shaping,336.429530201,0.422547598895,0.419802429676,0.438722910121,5
no_resource_shaping,356.456375839,0.455143010696,0.432309472001,0.466659238674,5
no_resource_shaping,376.483221477,0.442767819691,0.431783986141,0.452304639347,5
no_resource_shaping,396.510067114,0.444853712248,0.433540333997,0.446085557362,5
no_resource_shaping,416.536912752,0.446171489779,0.440675399774,0.446692608461,5
no_resource_shaping,436.563758389,0.450849787272,0.412977894991,0.452995455995,5
no_resource_shaping,456.590604027,0.40949690646,0.391829317848,0.477347682466,5
no_resource_shaping,476.617449664,0.410298066243,0.403247113784,0.415079925374,5
no_resource_shaping,496.644295302,0.45616715604,0.454325713087,0.503672399329,5
no_resource_shaping,516.67114094,0.459994577477,0.44726916957,0.466015798885,5
no_resource_shaping,536.697986577,0.451280017827,0.435615693163,0.485787410864,5
no_resource_shaping,556.724832215,0.468005239008,0.435637294977,0.469470952181,5
no_resource_shaping,576.751677852,0.454622614304,0.434395424749,0.460069280963,5
no_resource_shaping,596.77852349,0.468715918624,0.45434465313,0.470944102263,5
no_resource_shaping,616.805369128,0.450254567011,0.436326814178,0.459915928148,5
no_resource_shaping,636.832214765,0.46431286703,0.461074480914,0.479738622064,5
no_resource_shaping,656.859060403,0.456032938553,0.439017611029,0.460254374401,5
no_resource_shaping,676.88590604,0.48800663276,0.485383022232,0.533064833263,5
no_resource_shaping,696.912751678,0.451253252979,0.428192788231,0.461389546381,5
no_resource_shaping,716.939597315,0.473752659096,0.434651302583,0.48737618081,5
no_resource_shaping,736.966442953,0.488520475042,0.478330799077,0.501696203859,5
no_resource_shaping,756.993288591,0.434775964444,0.429053021953,0.436715981223,5
no_resource_shaping,777.020134228,0.482742371015,0.46910982068,0.48333158557,5
no_resource_shaping,797.046979866,0.416285547357,0.412218681516,0.432919398884,5
no_resource_shaping,817.073825503,0.428317022069,0.42058203446,0.464753062509,5
no_resource_shaping,837.100671141,0.445915745703,0.434992049462,0.486743842881,5
no_resource_shaping,857.127516779,0.456424192213,0.434611242253,0.459649149089,5
no_resource_shaping,877.154362416,0.44678979656,0.43063981229,0.471859270134,5
no_resource_shaping,897.181208054,0.427717254058,0.419088566635,0.459767925627,5
no_resource_shaping,917.208053691,0.443506842492,0.431955222315,0.490254037332,5
no_resource_shaping,937.234899329,0.411112989659,0.399115649825,0.43649655227,5
no_resource_shaping,957.261744966,0.437755944712,0.418136615489,0.441254502273,5
no_resource_shaping,977.288590604,0.446226798448,0.441193241401,0.454953596896,5
no_resource_shaping,997.315436242,0.464903138269,0.452924898986,0.46747020956,5
no_resource_shaping,1017.34228188,0.437887682338,0.42844312851,0.473632785749,5
no_resource_shaping,1037.36912752,0.454528917272,0.449059846254,0.465546243665,5
no_resource_shaping,1057.39597315,0.439918466862,0.433384018456,0.459849517617,5
no_resource_shaping,1077.42281879,0.470798520751,0.459971236817,0.472555129434,5
no_resource_shaping,1097.44966443,0.468389523909,0.462468540268,0.505213139681,5
no_resource_shaping,1117.47651007,0.462218360499,0.451080759485,0.475732776332,5
no_resource_shaping,1137.5033557,0.479491384956,0.459438079972,0.482452772951,5
no_resource_shaping,1157.53020134,0.503751572987,0.449648699664,0.511962562919,5
no_resource_shaping,1177.55704698,0.457040613015,0.445683944194,0.465615663736,5
no_resource_shaping,1197.58389262,0.47511010906,0.455303586409,0.50690278943,5
no_resource_shaping,1217.61073826,0.453034794035,0.439569172887,0.459709821429,5
no_resource_shaping,1237.63758389,0.467239879383,0.44312663719,0.490206820983,5
no_resource_shaping,1257.66442953,0.4566878681,0.412373840056,0.468239474901,5
no_resource_shaping,1277.69127517,0.438186442782,0.43275562637,0.461324058776,5
no_resource_shaping,1297.71812081,0.467762950923,0.460573091443,0.472652317534,5
no_resource_shaping,1317.74496644,0.421337616422,0.419554470278,0.454607459595,5
no_resource_shaping,1337.77181208,0.46234139052,0.459226877097,0.527090761326,5
no_resource_shaping,1357.79865772,0.45884339474,0.444394389467,0.472303665594,5
no_resource_shaping,1377.82550336,0.4705287054,0.454111059273,0.471762483307,5
no_resource_shaping,1397.85234899,0.473720637584,0.464765100671,0.483242449664,5
no_resource_shaping,1417.87919463,0.450260987365,0.44652688309,0.45163735062,5
no_resource_shaping,1437.90604027,0.482303901007,0.473521392617,0.510591442953,5
no_resource_shaping,1457.93288591,0.482739843001,0.441425832078,0.495470547699,5
no_resource_shaping,1477.95973154,0.502842611457,0.488211696172,0.550719186584,5
no_resource_shaping,1497.98657718,0.457532572593,0.457094918504,0.492747140803,5
no_resource_shaping,1518.01342282,0.5078125,0.499895134228,0.509932754824,5
no_resource_shaping,1538.04026846,0.436970588361,0.431673796826,0.458358872072,5
no_resource_shaping,1558.06711409,0.458961234976,0.44146965099,0.470967228911,5
no_resource_shaping,1578.09395973,0.480245910235,0.478325555789,0.486177380453,5
no_resource_shaping,1598.12080537,0.466782094811,0.445688826338,0.467420117428,5
no_resource_shaping,1618.14765101,0.515646628565,0.481400744547,0.51865234375,5
no_resource_shaping,1638.17449664,0.444264751832,0.434171100277,0.446320602486,5
no_resource_shaping,1658.20134228,0.453936572794,0.447614597957,0.494303207074,5
no_resource_shaping,1678.22818792,0.459221446548,0.453283582728,0.469955367843,5
no_resource_shaping,1698.25503356,0.457312474854,0.43349590649,0.470665539181,5
no_resource_shaping,1718.28187919,0.472900718331,0.450713742659,0.473158294883,5
no_resource_shaping,1738.30872483,0.484644708345,0.479782574733,0.485785391128,5
no_resource_shaping,1758.33557047,0.487169672819,0.477988674497,0.505504142198,5
no_resource_shaping,1778.36241611,0.430043883115,0.419183801876,0.451555330605,5
no_resource_shaping,1798.38926174,0.46629541865,0.455317751314,0.473372855067,5
no_resource_shaping,1818.41610738,0.474634936032,0.472725723574,0.475704566904,5
no_resource_shaping,1838.44295302,0.428665727512,0.419203196694,0.443166028733,5
no_resource_shaping,1858.46979866,0.488998269715,0.462762819841,0.498605940646,5
no_resource_shaping,1878.4966443,0.465093073723,0.457759692593,0.465269900955,5
no_resource_shaping,1898.52348993,0.494931331645,0.486677298594,0.498484395331,5
no_resource_shaping,1918.55033557,0.452338346203,0.44520966734,0.465753514073,5
no_resource_shaping,1938.57718121,0.436590583696,0.432965491671,0.454673776495,5
no_resource_shaping,1958.60402685,0.456893613674,0.426207267198,0.475717019715,5
no_resource_shaping,1978.63087248,0.449490812474,0.430234407102,0.449504990755,5
no_resource_shaping,1998.65771812,0.481648489933,0.462405620805,0.507864932886,5
no_resource_shaping,2018.68456376,0.46749963618,0.45623673127,0.479582206205,5
no_resource_shaping,2038.7114094,0.466056260487,0.459416946309,0.471286440856,5
no_resource_shaping,2058.73825503,0.459765785509,0.455988691618,0.471921012533,5
no_resource_shaping,2078.76510067,0.489019189366,0.486300437226,0.5014389617,5
no_resource_shaping,2098.79194631,0.447515751267,0.439811541227,0.448891418984,5
no_resource_shaping,2118.81879195,0.481257249649,0.460490884168,0.490083229181,5
no_resource_shaping,2138.84563758,0.476394714765,0.433032718121,0.479173657718,5
no_resource_shaping,2158.87248322,0.465243202986,0.449881223463,0.4712736269,5
no_resource_shaping,2178.89932886,0.454173657718,0.433819211409,0.456790058725,5
no_resource_shaping,2198.9261745,0.450377516779,0.423491430968,0.477321706787,5
no_resource_shaping,2218.95302013,0.494497222127,0.448444027359,0.503621079304,5
no_resource_shaping,2238.97986577,0.463428062081,0.436193110319,0.54005741401,5
no_resource_shaping,2259.00671141,0.46568749144,0.454676585399,0.466658034858,5
no_resource_shaping,2279.03355705,0.487250943792,0.482035182466,0.493583525587,5
no_resource_shaping,2299.06040268,0.446447832489,0.445400030818,0.459258577592,5
no_resource_shaping,2319.08724832,0.523505582497,0.495393262695,0.527788760743,5
no_resource_shaping,2339.11409396,0.487604437748,0.441061156006,0.493416997672,5
no_resource_shaping,2359.1409396,0.47692404615,0.466673550712,0.477674692465,5
no_resource_shaping,2379.16778523,0.493936136745,0.468406564597,0.498086199664,5
no_resource_shaping,2399.19463087,0.441652898576,0.431223034516,0.445097953191,5
no_resource_shaping,2419.22147651,0.471568267617,0.463742659396,0.493996434564,5
no_resource_shaping,2439.24832215,0.453534190522,0.431552398644,0.455122585947,5
no_resource_shaping,2459.27516779,0.460232598702,0.439629684718,0.465896687954,5
no_resource_shaping,2479.30201342,0.432158399748,0.427419777685,0.471954960151,5
no_resource_shaping,2499.32885906,0.490369469936,0.465218805643,0.502944802082,5
no_resource_shaping,2519.3557047,0.456762504708,0.42692187928,0.462484537649,5
no_resource_shaping,2539.38255034,0.444916243815,0.443727140867,0.449688238341,5
no_resource_shaping,2559.40939597,0.481592779992,0.477650482383,0.495972498951,5
no_resource_shaping,2579.43624161,0.463597826924,0.459371896829,0.468886111492,5
no_resource_shaping,2599.46308725,0.515549627727,0.484713192114,0.522211225881,5
no_resource_shaping,2619.48993289,0.475801848634,0.451233135872,0.488396923367,5
no_resource_shaping,2639.51677852,0.466975507957,0.45484639037,0.474052275587,5
no_resource_shaping,2659.54362416,0.47369376573,0.469307099413,0.479765493918,5
no_resource_shaping,2679.5704698,0.479072456898,0.452836418491,0.483594392035,5
no_resource_shaping,2699.59731544,0.474227270344,0.459145606124,0.488737416107,5
no_resource_shaping,2719.62416107,0.468142634571,0.465290606595,0.508695352092,5
no_resource_shaping,2739.65100671,0.510711958336,0.460129404897,0.52920511745,5
no_resource_shaping,2759.67785235,0.476299907547,0.470606980208,0.482872423298,5
no_resource_shaping,2779.70469799,0.48055796616,0.467787415144,0.481424981381,5
no_resource_shaping,2799.73154362,0.472717858641,0.463956978817,0.505003408138,5
no_resource_shaping,2819.75838926,0.439652851493,0.402513782359,0.457311123904,5
no_resource_shaping,2839.7852349,0.459853450084,0.447763082005,0.479100251678,5
no_resource_shaping,2859.81208054,0.488959132311,0.461872731475,0.500960912889,5
no_resource_shaping,2879.83892617,0.480739408022,0.425583623498,0.484907956209,5
no_resource_shaping,2899.86577181,0.478029965394,0.454231989304,0.485350907089,5
no_resource_shaping,2919.89261745,0.447552868935,0.398862580896,0.452378834556,5
no_resource_shaping,2939.91946309,0.459951106334,0.459335019924,0.469231727139,5
no_resource_shaping,2959.94630872,0.451045501044,0.449152138834,0.457178169086,5
no_resource_shaping,2979.97315436,0.47261010371,0.470621733645,0.509685036189,5
no_resource_shaping,3000,0.469387755102,0.408163265306,0.474489795918,5
no_return_reserve,16,0.181640625,0.154296875,0.19140625,5
no_return_reserve,36.0268456376,0.102690449082,0.0839355268114,0.125571732468,5
no_return_reserve,56.0536912752,0.0961439892652,0.0409166445521,0.102412929308,5
no_return_reserve,76.0805369128,0.0643154886745,0.0536978292785,0.0928914114933,5
no_return_reserve,96.1073825503,0.0346139976544,0.0307213909054,0.0357367569511,5
no_return_reserve,116.134228188,0.0362363674497,0.0291356438758,0.0492973993289,5
no_return_reserve,136.161073826,0.0313454492535,0.0266763542665,0.0568355362279,5
no_return_reserve,156.187919463,0.03301653348,0.024235228907,0.0480714596031,5
no_return_reserve,176.214765101,0.0688030749212,0.0361741970278,0.128322746884,5
no_return_reserve,196.241610738,0.0891566384314,0.0590450473394,0.0904960846545,5
no_return_reserve,216.268456376,0.0695364932886,0.0560507550336,0.0891568791946,5
no_return_reserve,236.295302013,0.0543892745857,0.0506662186687,0.0595259853102,5
no_return_reserve,256.322147651,0.0918217806208,0.0589476719799,0.110106438758,5
no_return_reserve,276.348993289,0.105718260983,0.0682529576428,0.116716620583,5
no_return_reserve,296.375838926,0.1065588725,0.0603290176966,0.111162232432,5
no_return_reserve,316.402684564,0.0705811917888,0.0693308547202,0.23216316151,5
no_return_reserve,336.429530201,0.0605177827738,0.0569841139056,0.165177267294,5
no_return_reserve,356.456375839,0.0689105757131,0.0492253041107,0.122220401636,5
no_return_reserve,376.483221477,0.105903621935,0.088611282915,0.113685705511,5
no_return_reserve,396.510067114,0.152673749476,0.111581113674,0.194753106648,5
no_return_reserve,416.536912752,0.146282936413,0.121991395656,0.17471547134,5
no_return_reserve,436.563758389,0.109081770423,0.0582934647223,0.124101451481,5
no_return_reserve,456.590604027,0.117408045826,0.0669466364304,0.123579724203,5
no_return_reserve,476.617449664,0.139296856274,0.070065416713,0.189942375991,5
no_return_reserve,496.644295302,0.155464555369,0.145182466443,0.178289639262,5
no_return_reserve,516.67114094,0.245767382037,0.215360387811,0.258479012935,5
no_return_reserve,536.697986577,0.214643849622,0.194371985109,0.257825608221,5
no_return_reserve,556.724832215,0.208216875257,0.194753929256,0.227503937817,5
no_return_reserve,576.751677852,0.205146274376,0.126775294587,0.222507712449,5
no_return_reserve,596.77852349,0.225533745377,0.188111485156,0.247954956941,5
no_return_reserve,616.805369128,0.210292120728,0.119850943471,0.231384386022,5
no_return_reserve,636.832214765,0.203237075294,0.16481294568,0.203613936661,5
no_return_reserve,656.859060403,0.199292851579,0.185756499538,0.245181150271,5
no_return_reserve,676.88590604,0.3019472263,0.236998610529,0.322040819002,5
no_return_reserve,696.912751678,0.232675585964,0.20622891984,0.242259354455,5
no_return_reserve,716.939597315,0.213150047404,0.136532559752,0.225957849845,5
no_return_reserve,736.966442953,0.204344064597,0.198955930159,0.218164717911,5
no_return_reserve,756.993288591,0.195631778823,0.183280624016,0.251034746952,5
no_return_reserve,777.020134228,0.239308934564,0.168150954279,0.288801646393,5
no_return_reserve,797.046979866,0.21457939195,0.158644042768,0.266123700949,5
no_return_reserve,817.073825503,0.241627792319,0.199997150968,0.242350349588,5
no_return_reserve,837.100671141,0.293182761779,0.193693233376,0.29763554436,5
no_return_reserve,857.127516779,0.291605093694,0.248700480349,0.315004874118,5
no_return_reserve,877.154362416,0.244267119337,0.230488412332,0.309740719379,5
no_return_reserve,897.181208054,0.271119217402,0.189778957934,0.296785650082,5
no_return_reserve,917.208053691,0.223586933725,0.221971345428,0.267820627097,5
no_return_reserve,937.234899329,0.259951975757,0.257639364471,0.261669099267,5
no_return_reserve,957.261744966,0.253397436995,0.25174927878,0.264334843365,5
no_return_reserve,977.288590604,0.287712353188,0.239487206376,0.312037935193,5
no_return_reserve,997.315436242,0.314213164293,0.30222529448,0.319350517052,5
no_return_reserve,1017.34228188,0.301369675387,0.295322986577,0.347496062183,5
no_return_reserve,1037.36912752,0.306522115977,0.297425545302,0.314307864505,5
no_return_reserve,1057.39597315,0.289370543205,0.281020606124,0.302937552433,5
no_return_reserve,1077.42281879,0.317160320504,0.282543487194,0.320557115464,5
no_return_reserve,1097.44966443,0.270296770134,0.264866033977,0.312667785235,5
no_return_reserve,1117.47651007,0.260431362142,0.239441086837,0.29944913368,5
no_return_reserve,1137.5033557,0.274485890203,0.26004705049,0.325509374786,5
no_return_reserve,1157.53020134,0.327983431208,0.277721266779,0.334917680369,5
no_return_reserve,1177.55704698,0.328418329895,0.325490514998,0.333594071018,5
no_return_reserve,1197.58389262,0.352650482383,0.323765205537,0.357015520134,5
no_return_reserve,1217.61073826,0.358690162307,0.306623129537,0.36568695641,5
no_return_reserve,1237.63758389,0.312944074442,0.308010300387,0.347422442131,5
no_return_reserve,1257.66442953,0.325186190248,0.279431755924,0.347723877722,5
no_return_reserve,1277.69127517,0.314397749452,0.299529281092,0.388454118015,5
no_return_reserve,1297.71812081,0.325201866611,0.320760801174,0.332946203859,5
no_return_reserve,1317.74496644,0.297793538556,0.29607994624,0.32264608444,5
no_return_reserve,1337.77181208,0.361284867869,0.299476981963,0.377961147232,5
no_return_reserve,1357.79865772,0.332018944323,0.331077292494,0.341996173469,5
no_return_reserve,1377.82550336,0.340460237681,0.302627502868,0.360177276657,5
no_return_reserve,1397.85234899,0.325241191275,0.32079488255,0.359028942953,5
no_return_reserve,1417.87919463,0.299824082317,0.28891951338,0.329929386813,5
no_return_reserve,1437.90604027,0.293361996644,0.244258598993,0.363569630872,5
no_return_reserve,1457.93288591,0.318635396692,0.222518212402,0.321758256574,5
no_return_reserve,1477.95973154,0.312152230859,0.311934473873,0.36671239385,5
no_return_reserve,1497.98657718,0.36080031845,0.308898181756,0.373818654979,5
no_return_reserve,1518.01342282,0.412312552433,0.357284238674,0.412892591233,5
no_return_reserve,1538.04026846,0.335718619453,0.323112737125,0.341707632088,5
no_return_reserve,1558.06711409,0.356651365716,0.308433308044,0.373015174505,5
no_return_reserve,1578.09395973,0.363523752097,0.330160051384,0.389481307676,5
no_return_reserve,1598.12080537,0.337689253292,0.322479503022,0.342111873588,5
no_return_reserve,1618.14765101,0.327518744757,0.314899459941,0.34798002307,5
no_return_reserve,1638.17449664,0.334867173589,0.329702159807,0.341130870343,5
no_return_reserve,1658.20134228,0.35406677221,0.341918928593,0.39413372312,5
no_return_reserve,1678.22818792,0.378628676722,0.355359336478,0.383221690522,5
no_return_reserve,1698.25503356,0.365286741007,0.352524215433,0.379927353702,5
no_return_reserve,1718.28187919,0.351122063758,0.347777501049,0.387612730705,5
no_return_reserve,1738.30872483,0.383000241833,0.35162900416,0.397230313056,5
no_return_reserve,1758.33557047,0.367701342282,0.334099071938,0.389171298238,5
no_return_reserve,1778.36241611,0.334231184084,0.320260120617,0.359501801979,5
no_return_reserve,1798.38926174,0.357997700443,0.349635591443,0.371353573676,5
no_return_reserve,1818.41610738,0.365090839975,0.359870490772,0.382286860319,5
no_return_reserve,1838.44295302,0.327370474721,0.325134921051,0.329123766222,5
no_return_reserve,1858.46979866,0.362794934983,0.342546665268,0.369554189388,5
no_return_reserve,1878.4966443,0.333351435163,0.316554453157,0.350066290149,5
no_return_reserve,1898.52348993,0.343470313356,0.34346302358,0.365561612386,5
no_return_reserve,1918.55033557,0.342460793042,0.337126228428,0.375125892429,5
no_return_reserve,1938.57718121,0.327526770198,0.315994277325,0.337523193527,5
no_return_reserve,1958.60402685,0.308633074664,0.29443359375,0.382248846477,5
no_return_reserve,1978.63087248,0.305635518679,0.284968133646,0.361939556653,5
no_return_reserve,1998.65771812,0.328450083893,0.309878355705,0.328455327181,5
no_return_reserve,2018.68456376,0.335788761813,0.322395369641,0.35236664926,5
no_return_reserve,2038.7114094,0.355848888423,0.346070155201,0.372588087248,5
no_return_reserve,2058.73825503,0.372258081085,0.358047484934,0.379279165525,5
no_return_reserve,2078.76510067,0.375787563347,0.361201991808,0.386988271084,5
no_return_reserve,2098.79194631,0.38367496747,0.368590989248,0.397241174154,5
no_return_reserve,2118.81879195,0.386308917443,0.354003973129,0.395335800532,5
no_return_reserve,2138.84563758,0.377149748322,0.355641778523,0.393666107383,5
no_return_reserve,2158.87248322,0.358367860567,0.350652414909,0.385501558006,5
no_return_reserve,2178.89932886,0.336121015101,0.328722734899,0.344982172819,5
no_return_reserve,2198.9261745,0.350126480962,0.326330511231,0.403507011026,5
no_return_reserve,2218.95302013,0.342861851116,0.340602421757,0.394572447267,5
no_return_reserve,2238.97986577,0.369397546141,0.345182728607,0.388694158977,5
no_return_reserve,2259.00671141,0.379445024654,0.371892548966,0.39377525339,5
no_return_reserve,2279.03355705,0.373112416107,0.356152999161,0.387235213926,5
no_return_reserve,2299.06040268,0.384248305027,0.36332394535,0.390404567867,5
no_return_reserve,2319.08724832,0.383239988529,0.346037117133,0.395986396341,5
no_return_reserve,2339.11409396,0.372748596083,0.362963977537,0.386162854404,5
no_return_reserve,2359.1409396,0.366073167417,0.363070582155,0.37755851082,5
no_return_reserve,2379.16778523,0.396791107383,0.36491715604,0.405392722315,5
no_return_reserve,2399.19463087,0.347422977161,0.318666214388,0.362226171929,5
no_return_reserve,2419.22147651,0.343461619128,0.335963716443,0.394649223993,5
no_return_reserve,2439.24832215,0.34653033403,0.336177728222,0.350177415765,5
no_return_reserve,2459.27516779,0.327770275476,0.326784751233,0.357469760136,5
no_return_reserve,2479.30201342,0.346227453859,0.331664219799,0.363818687081,5
no_return_reserve,2499.32885906,0.347067182578,0.311215929325,0.381287666073,5
no_return_reserve,2519.3557047,0.372714835725,0.370060822148,0.399283328054,5
no_return_reserve,2539.38255034,0.394826184983,0.382120840681,0.396769077545,5
no_return_reserve,2559.40939597,0.406191013003,0.37442651531,0.409586042366,5
no_return_reserve,2579.43624161,0.384880228308,0.371399037803,0.402422185317,5
no_return_reserve,2599.46308725,0.401228240352,0.355494311032,0.425325083893,5
no_return_reserve,2619.48993289,0.348091603462,0.344177702541,0.360411459047,5
no_return_reserve,2639.51677852,0.339377471836,0.338972588301,0.362133611834,5
no_return_reserve,2659.54362416,0.371797006082,0.368928271812,0.383104813339,5
no_return_reserve,2679.5704698,0.390571363298,0.373971673401,0.391252388906,5
no_return_reserve,2699.59731544,0.384839686451,0.380825949035,0.396519767198,5
no_return_reserve,2719.62416107,0.378989982109,0.378769175455,0.381054607246,5
no_return_reserve,2739.65100671,0.428355544189,0.395821005363,0.45718032258,5
no_return_reserve,2759.67785235,0.390826652599,0.388994069734,0.407349592522,5
no_return_reserve,2779.70469799,0.395838326942,0.388387707484,0.39979132514,5
no_return_reserve,2799.73154362,0.411560795931,0.393964974832,0.440519478817,5
no_return_reserve,2819.75838926,0.357294537991,0.350488481886,0.364997196446,5
no_return_reserve,2839.7852349,0.383169699035,0.374580536913,0.384610947987,5
no_return_reserve,2859.81208054,0.395159107057,0.386448025099,0.402302017703,5
no_return_reserve,2879.83892617,0.406912299578,0.395399535915,0.42150790292,5
no_return_reserve,2899.86577181,0.388551279362,0.366080510696,0.429884123322,5
no_return_reserve,2919.89261745,0.347009399397,0.34356441166,0.4056486269,5
no_return_reserve,2939.91946309,0.382330772861,0.375,0.419767853398,5
no_return_reserve,2959.94630872,0.37516061584,0.36743313202,0.390054337591,5
no_return_reserve,2979.97315436,0.388606133257,0.36330305245,0.39843241722,5
no_return_reserve,3000,0.408163265306,0.382653061224,0.418367346939,5
