algorithm,mean,median,metric,q25,q75,result_family,valid_run_count
full,0.48579802059712773,0.475,safe_weighted_coverage,0.35,0.6122448979591837,synthetic_learning,1080
full,1.0,1.0,safe_rate,1.0,1.0,synthetic_learning,1080
full,1.0,1.0,return_rate,1.0,1.0,synthetic_learning,1080
full,0.0,0.0,violation_rate,0.0,0.0,synthetic_learning,1080
full,0.0,0.0,stranded_rate,0.0,0.0,synthetic_learning,1080
full,0.44173996913580243,0.45,coverage,0.3125,0.55,synthetic_learning,1080
full,0.48579802059712773,0.475,weighted_coverage,0.35,0.6122448979591837,synthetic_learning,1080
full,8.790740740740741,9.0,visited_count,6.0,11.0,synthetic_learning,1080
full,0.48442129629629627,0.5,high_priority_coverage,0.25,0.6666666666666666,synthetic_learning,1080
full,0.6022505144032921,0.625,medium_priority_coverage,0.4444444444444444,0.7777777777777778,synthetic_learning,1080
full,0.1922883597883598,0.16666666666666666,low_priority_coverage,0.0,0.3333333333333333,synthetic_learning,1080
full,0.8219766620615109,0.8333333333333334,oracle_attainment_lower,0.75,0.9062499999999999,synthetic_learning,1080
full,0.8540007790322033,0.875,oracle_attainment_upper,0.7885338345864662,0.9333333333333332,synthetic_learning,1080
full,0.08313444822373395,0.07499999999999996,oracle_regret_lower,0.03125,0.12244897959183676,synthetic_learning,1080
full,0.1058875425170066,0.09999999999999976,oracle_regret_upper,0.050000000000000044,0.15,synthetic_learning,1080
full,0.6474111096488134,0.613591014902989,safe_energy_utilization,0.41881447430111696,0.9229062650704769,synthetic_learning,1080
full,0.7703269252417186,0.8462148373247854,safe_distance_utilization,0.6005642648216281,0.948226558564415,synthetic_learning,1080
full,0.5665334720661892,0.43446371165087067,safe_time_utilization,0.2700042573760265,0.9244341537112805,synthetic_learning,1080
full,0.0,0.0,dangerous_action_proposal_rate,0.0,0.0,synthetic_learning,1080
full,0.0,0.0,environment_interception_rate,0.0,0.0,synthetic_learning,1080
full,1.1678123636111104,1.0591534000000138,planning_time_s,0.788989249999986,1.490098574999962,synthetic_learning,1080
traditional_ppo,0.2686378023431595,0.2653061224489796,safe_weighted_coverage,0.19687500000000002,0.34375,synthetic_learning,1080
traditional_ppo,1.0,1.0,safe_rate,1.0,1.0,synthetic_learning,1080
traditional_ppo,1.0,1.0,return_rate,1.0,1.0,synthetic_learning,1080
traditional_ppo,0.0,0.0,violation_rate,0.0,0.0,synthetic_learning,1080
traditional_ppo,0.0,0.0,stranded_rate,0.0,0.0,synthetic_learning,1080
traditional_ppo,0.2645640432098766,0.25,coverage,0.2,0.3125,synthetic_learning,1080
traditional_ppo,0.2686378023431595,0.2653061224489796,weighted_coverage,0.19687500000000002,0.34375,synthetic_learning,1080
traditional_ppo,5.185185185185185,5.0,visited_count,4.0,6.0,synthetic_learning,1080
traditional_ppo,0.21101851851851852,0.16666666666666666,high_priority_coverage,0.0,0.3333333333333333,synthetic_learning,1080
traditional_ppo,0.3735339506172839,0.3333333333333333,medium_priority_coverage,0.2222222222222222,0.5,synthetic_learning,1080
traditional_ppo,0.181657848324515,0.16666666666666666,low_priority_coverage,0.0,0.2857142857142857,synthetic_learning,1080
traditional_ppo,0.46393362691968776,0.45833333333333337,oracle_attainment_lower,0.3571428571428572,0.5555555555555555,synthetic_learning,1080
traditional_ppo,0.4811070819516155,0.4782608695652174,oracle_attainment_upper,0.37500000000000006,0.5714285714285714,synthetic_learning,1080
traditional_ppo,0.2999923233182162,0.30000000000000004,oracle_regret_lower,0.2040816326530612,0.39999999999999997,synthetic_learning,1080
traditional_ppo,0.32304776077097486,0.325,oracle_regret_upper,0.21875,0.42500000000000004,synthetic_learning,1080
traditional_ppo,0.6263481556951244,0.5692685776084792,safe_energy_utilization,0.4017369778969545,0.904430377975856,synthetic_learning,1080
traditional_ppo,0.825251793864396,0.915948143948111,safe_distance_utilization,0.7009412714265622,0.9738638863737167,synthetic_learning,1080
traditional_ppo,0.5533675827884281,0.4123048244902493,safe_time_utilization,0.2551661437954292,0.9109678764383471,synthetic_learning,1080
traditional_ppo,0.0,0.0,dangerous_action_proposal_rate,0.0,0.0,synthetic_learning,1080
traditional_ppo,0.0,0.0,environment_interception_rate,0.0,0.0,synthetic_learning,1080
traditional_ppo,0.6895989984259232,0.6522784499999261,planning_time_s,0.5004637499999944,0.8432770250001056,synthetic_learning,1080
a2c_pointer,0.48501263699924413,0.4897959183673469,safe_weighted_coverage,0.349234693877551,0.6122448979591837,synthetic_learning,1080
a2c_pointer,1.0,1.0,safe_rate,1.0,1.0,synthetic_learning,1080
a2c_pointer,1.0,1.0,return_rate,1.0,1.0,synthetic_learning,1080
a2c_pointer,0.0,0.0,violation_rate,0.0,0.0,synthetic_learning,1080
a2c_pointer,0.0,0.0,stranded_rate,0.0,0.0,synthetic_learning,1080
a2c_pointer,0.4319945987654321,0.4375,coverage,0.3125,0.5416666666666666,synthetic_learning,1080
a2c_pointer,0.48501263699924413,0.4897959183673469,weighted_coverage,0.349234693877551,0.6122448979591837,synthetic_learning,1080
a2c_pointer,8.59537037037037,8.0,visited_count,6.0,11.0,synthetic_learning,1080
a2c_pointer,0.5114274691358025,0.5,high_priority_coverage,0.25,0.75,synthetic_learning,1080
a2c_pointer,0.579102366255144,0.625,medium_priority_coverage,0.375,0.75,synthetic_learning,1080
a2c_pointer,0.16114197530864194,0.14285714285714285,low_priority_coverage,0.0,0.2857142857142857,synthetic_learning,1080
a2c_pointer,0.8210607548289713,0.8333333333333383,oracle_attainment_lower,0.7499999999999999,0.9024390243902438,synthetic_learning,1080
a2c_pointer,0.8528884869087858,0.8713813068651779,oracle_attainment_upper,0.7857142857142857,0.9297619047619048,synthetic_learning,1080
a2c_pointer,0.08374976379440666,0.07499999999999996,oracle_regret_lower,0.040816326530612235,0.125,synthetic_learning,1080
a2c_pointer,0.10667292611489027,0.0937500000000197,oracle_regret_upper,0.050000000000000044,0.15000000000000002,synthetic_learning,1080
a2c_pointer,0.6450941690092904,0.6086504578415255,safe_energy_utilization,0.4154012852496543,0.9244601579166447,synthetic_learning,1080
a2c_pointer,0.7697275489706275,0.8458920178294758,safe_distance_utilization,0.6005642648216281,0.9453919140672085,synthetic_learning,1080
a2c_pointer,0.5644695990988065,0.4334522213000494,safe_time_utilization,0.2658785526298801,0.9183495442932353,synthetic_learning,1080
a2c_pointer,0.0,0.0,dangerous_action_proposal_rate,0.0,0.0,synthetic_learning,1080
a2c_pointer,0.0,0.0,environment_interception_rate,0.0,0.0,synthetic_learning,1080
a2c_pointer,1.1271706372222219,1.062330650000007,planning_time_s,0.7455729999999932,1.4269670249999677,synthetic_learning,1080
no_priority_bias,0.4847823365457295,0.48239795918367345,safe_weighted_coverage,0.35,0.6122448979591837,synthetic_learning,1080
no_priority_bias,1.0,1.0,safe_rate,1.0,1.0,synthetic_learning,1080
no_priority_bias,1.0,1.0,return_rate,1.0,1.0,synthetic_learning,1080
no_priority_bias,0.0,0.0,violation_rate,0.0,0.0,synthetic_learning,1080
no_priority_bias,0.0,0.0,stranded_rate,0.0,0.0,synthetic_learning,1080
no_priority_bias,0.4403086419753086,0.44375,coverage,0.3125,0.55,synthetic_learning,1080
no_priority_bias,0.4847823365457295,0.48239795918367345,weighted_coverage,0.35,0.6122448979591837,synthetic_learning,1080
no_priority_bias,8.757407407407408,9.0,visited_count,6.0,11.0,synthetic_learning,1080
no_priority_bias,0.4807561728395062,0.5,high_priority_coverage,0.25,0.6666666666666666,synthetic_learning,1080
no_priority_bias,0.60625,0.625,medium_priority_coverage,0.4444444444444444,0.7777777777777778,synthetic_learning,1080
no_priority_bias,0.18565255731922398,0.14285714285714285,low_priority_coverage,0.0,0.3333333333333333,synthetic_learning,1080
no_priority_bias,0.8212299704755809,0.8333333333333383,oracle_attainment_lower,0.742857142857143,0.9062499999999999,synthetic_learning,1080
no_priority_bias,0.8529281054142908,0.875,oracle_attainment_upper,0.7916666666666666,0.9285714285714287,synthetic_learning,1080
no_priority_bias,0.08403675359032503,0.07499999999999996,oracle_regret_lower,0.03125,0.12244897959183676,synthetic_learning,1080
no_priority_bias,0.10690322656840501,0.093750000000003,oracle_regret_upper,0.050000000000000044,0.15000000000000002,synthetic_learning,1080
no_priority_bias,0.644367905246729,0.6086504578415255,safe_energy_utilization,0.41776404591339467,0.914894787621072,synthetic_learning,1080
no_priority_bias,0.7671299856442766,0.8458920178294758,safe_distance_utilization,0.6041843975428348,0.9463695864329277,synthetic_learning,1080
no_priority_bias,0.5640732609489332,0.43866577358988545,safe_time_utilization,0.26846147848106194,0.912455931087216,synthetic_learning,1080
no_priority_bias,0.0,0.0,dangerous_action_proposal_rate,0.0,0.0,synthetic_learning,1080
no_priority_bias,0.0,0.0,environment_interception_rate,0.0,0.0,synthetic_learning,1080
no_priority_bias,1.184786718703706,1.0905371999999716,planning_time_s,0.793727825000019,1.5077116249998994,synthetic_learning,1080
no_domain_randomization,0.4846036470143613,0.475,safe_weighted_coverage,0.3469387755102041,0.6122448979591837,synthetic_learning,1080
no_domain_randomization,1.0,1.0,safe_rate,1.0,1.0,synthetic_learning,1080
no_domain_randomization,1.0,1.0,return_rate,1.0,1.0,synthetic_learning,1080
no_domain_randomization,0.0,0.0,violation_rate,0.0,0.0,synthetic_learning,1080
no_domain_randomization,0.0,0.0,stranded_rate,0.0,0.0,synthetic_learning,1080
no_domain_randomization,0.44767361111111115,0.45,coverage,0.3125,0.55,synthetic_learning,1080
no_domain_randomization,0.4846036470143613,0.475,weighted_coverage,0.3469387755102041,0.6122448979591837,synthetic_learning,1080
no_domain_randomization,8.906481481481482,9.0,visited_count,6.0,11.0,synthetic_learning,1080
no_domain_randomization,0.479104938271605,0.5,high_priority_coverage,0.25,0.6666666666666666,synthetic_learning,1080
no_domain_randomization,0.5887860082304527,0.625,medium_priority_coverage,0.375,0.7777777777777778,synthetic_learning,1080
no_domain_randomization,0.2341005291005291,0.2,low_priority_coverage,0.0,0.4,synthetic_learning,1080
no_domain_randomization,0.8202231567917488,0.8333333333333335,oracle_attainment_lower,0.7483974358974358,0.9090909090909091,synthetic_learning,1080
no_domain_randomization,0.8518695384225914,0.875,oracle_attainment_upper,0.7834900117508813,0.9333333333333332,synthetic_learning,1080
no_domain_randomization,0.08432693216175359,0.07499999999999996,oracle_regret_lower,0.03125,0.125,synthetic_learning,1080
no_domain_randomization,0.10708191609977304,0.09375000000000022,oracle_regret_upper,0.050000000000000044,0.15000000000000002,synthetic_learning,1080
no_domain_randomization,0.6514715128590916,0.6046096489430899,safe_energy_utilization,0.42035479278369003,0.9289016533226891,synthetic_learning,1080
no_domain_randomization,0.7703800560171589,0.8459924271509363,safe_distance_utilization,0.6005642648216281,0.9496892175732687,synthetic_learning,1080
no_domain_randomization,0.5695066835064576,0.44912415494751146,safe_time_utilization,0.2694333525577557,0.9268075060400228,synthetic_learning,1080
no_domain_randomization,0.0,0.0,dangerous_action_proposal_rate,0.0,0.0,synthetic_learning,1080
no_domain_randomization,0.0,0.0,environment_interception_rate,0.0,0.0,synthetic_learning,1080
no_domain_randomization,1.2232187451851855,1.125471750000031,planning_time_s,0.810395275000019,1.548448374999964,synthetic_learning,1080
no_resource_shaping,0.48402919501133795,0.475,safe_weighted_coverage,0.3469387755102041,0.6122448979591837,synthetic_learning,1080
no_resource_shaping,1.0,1.0,safe_rate,1.0,1.0,synthetic_learning,1080
no_resource_shaping,1.0,1.0,return_rate,1.0,1.0,synthetic_learning,1080
no_resource_shaping,0.0,0.0,violation_rate,0.0,0.0,synthetic_learning,1080
no_resource_shaping,0.0,0.0,stranded_rate,0.0,0.0,synthetic_learning,1080
no_resource_shaping,0.4353433641975309,0.4375,coverage,0.3125,0.5416666666666666,synthetic_learning,1080
no_resource_shaping,0.48402919501133795,0.475,weighted_coverage,0.3469387755102041,0.6122448979591837,synthetic_learning,1080
no_resource_shaping,8.66388888888889,8.0,visited_count,6.0,11.0,synthetic_learning,1080
no_resource_shaping,0.500216049382716,0.5,high_priority_coverage,0.25,0.75,synthetic_learning,1080
no_resource_shaping,0.5834619341563786,0.625,medium_priority_coverage,0.4444444444444444,0.75,synthetic_learning,1080
no_resource_shaping,0.1781569664902998,0.14285714285714285,low_priority_coverage,0.0,0.3333333333333333,synthetic_learning,1080
no_resource_shaping,0.819818863241692,0.8333333333333334,oracle_attainment_lower,0.7434065934065934,0.9047619047619047,synthetic_learning,1080
no_resource_shaping,0.8516583932512816,0.8702664796633941,oracle_attainment_upper,0.7857142857142858,0.9285714285714287,synthetic_learning,1080
no_resource_shaping,0.08481304327286471,0.07499999999999996,oracle_regret_lower,0.040816326530612235,0.125,synthetic_learning,1080
no_resource_shaping,0.10765636810279655,0.09999999999999998,oracle_regret_upper,0.050000000000000044,0.15000000000000002,synthetic_learning,1080
no_resource_shaping,0.6455326104262404,0.6052052026261558,safe_energy_utilization,0.41448790030098515,0.9167419873162412,synthetic_learning,1080
no_resource_shaping,0.7690432277469229,0.8455840096797084,safe_distance_utilization,0.6005642648216281,0.9497218363094921,synthetic_learning,1080
no_resource_shaping,0.5644525643810214,0.4327145418352012,safe_time_utilization,0.2682261720234451,0.9183495442932353,synthetic_learning,1080
no_resource_shaping,0.0,0.0,dangerous_action_proposal_rate,0.0,0.0,synthetic_learning,1080
no_resource_shaping,0.0,0.0,environment_interception_rate,0.0,0.0,synthetic_learning,1080
no_resource_shaping,1.1715348847222222,1.0763814500000422,planning_time_s,0.7777201999999761,1.4915143000000626,synthetic_learning,1080
no_return_reserve,0.1133458522297808,0.09375,safe_weighted_coverage,0.0,0.1875,synthetic_learning,1080
no_return_reserve,1.0,1.0,safe_rate,1.0,1.0,synthetic_learning,1080
no_return_reserve,1.0,1.0,return_rate,1.0,1.0,synthetic_learning,1080
no_return_reserve,0.0,0.0,violation_rate,0.0,0.0,synthetic_learning,1080
no_return_reserve,0.0,0.0,stranded_rate,0.0,0.0,synthetic_learning,1080
no_return_reserve,0.09863040123456791,0.08333333333333333,coverage,0.0,0.16666666666666666,synthetic_learning,1080
no_return_reserve,0.1133458522297808,0.09375,weighted_coverage,0.0,0.1875,synthetic_learning,1080
no_return_reserve,1.9768518518518519,2.0,visited_count,0.0,3.0,synthetic_learning,1080
no_return_reserve,0.09812499999999999,0.0,high_priority_coverage,0.0,0.16666666666666666,synthetic_learning,1080
no_return_reserve,0.1763503086419753,0.1111111111111111,medium_priority_coverage,0.0,0.3333333333333333,synthetic_learning,1080
no_return_reserve,0.0,0.0,low_priority_coverage,0.0,0.0,synthetic_learning,1080
no_return_reserve,0.19486997741763776,0.16666666666666666,oracle_attainment_lower,0.0,0.3333333333333333,synthetic_learning,1080
no_return_reserve,0.2028763926641889,0.17267080745341615,oracle_attainment_upper,0.0,0.34615384615384615,synthetic_learning,1080
no_return_reserve,0.4552842734315949,0.4489795918367347,oracle_regret_lower,0.3125,0.5792091836734694,synthetic_learning,1080
no_return_reserve,0.47833971088435356,0.4721938775510204,oracle_regret_upper,0.326530612244898,0.6122448979591837,synthetic_learning,1080
no_return_reserve,0.13843185813637093,0.10762811913749576,safe_energy_utilization,0.0,0.2218136503114989,synthetic_learning,1080
no_return_reserve,0.15828590343616003,0.14060113388834258,safe_distance_utilization,0.0,0.26545942379725973,synthetic_learning,1080
no_return_reserve,0.12132693787731731,0.07404215964915424,safe_time_utilization,0.0,0.17254106382614087,synthetic_learning,1080
no_return_reserve,0.0,0.0,dangerous_action_proposal_rate,0.0,0.0,synthetic_learning,1080
no_return_reserve,0.0,0.0,environment_interception_rate,0.0,0.0,synthetic_learning,1080
no_return_reserve,0.38406637703703944,0.2911733500000082,planning_time_s,0.19446427500014352,0.503104325000038,synthetic_learning,1080
aco,0.5525048422146637,0.5510204081632653,safe_weighted_coverage,0.40816326530612246,0.6938775510204082,synthetic_main_baselines,1080
aco,1.0,1.0,safe_rate,1.0,1.0,synthetic_main_baselines,1080
aco,1.0,1.0,return_rate,1.0,1.0,synthetic_main_baselines,1080
aco,0.0,0.0,violation_rate,0.0,0.0,synthetic_main_baselines,1080
aco,0.0,0.0,stranded_rate,0.0,0.0,synthetic_main_baselines,1080
aco,0.48844521604938274,0.5,coverage,0.35,0.625,synthetic_main_baselines,1080
aco,0.5525048422146637,0.5510204081632653,weighted_coverage,0.40816326530612246,0.6938775510204082,synthetic_main_baselines,1080
aco,9.707407407407407,10.0,visited_count,7.0,12.0,synthetic_main_baselines,1080
aco,0.5962808641975309,0.6,high_priority_coverage,0.4,0.8,synthetic_main_baselines,1080
aco,0.6472608024691359,0.6666666666666666,medium_priority_coverage,0.5,0.8333333333333334,synthetic_main_baselines,1080
aco,0.17291446208112876,0.14285714285714285,low_priority_coverage,0.0,0.3333333333333333,synthetic_main_baselines,1080
aco,0.936498822575509,0.957427536231878,oracle_attainment_lower,0.9,1.0,synthetic_main_baselines,1080
aco,0.9704109622758612,1.0,oracle_attainment_upper,0.9473684210526316,1.0,synthetic_main_baselines,1080
aco,0.017275132275132277,0.0,oracle_regret_lower,0.0,0.03125,synthetic_main_baselines,1080
aco,0.03918072089947115,0.025000000000000022,oracle_regret_upper,0.0,0.0625,synthetic_main_baselines,1080
aco,0.6598513800442414,0.6164127095889187,safe_energy_utilization,0.43468276025311053,0.9360450344350043,synthetic_main_baselines,1080
aco,0.7734834626056047,0.8617120500201456,safe_distance_utilization,0.5917095099538489,0.958792074767331,synthetic_main_baselines,1080
aco,0.5756619741431649,0.44296689415659124,safe_time_utilization,0.27542223767545587,0.9407778021184864,synthetic_main_baselines,1080
aco,0.0,0.0,dangerous_action_proposal_rate,0.0,0.0,synthetic_main_baselines,1080
aco,0.0,0.0,environment_interception_rate,0.0,0.0,synthetic_main_baselines,1080
aco,76.70111468398152,69.08861069999944,planning_time_s,45.48175792500024,98.00038417500059,synthetic_main_baselines,1080
ga,0.4869523573318216,0.4897959183673469,safe_weighted_coverage,0.375,0.625,synthetic_main_baselines,1080
ga,1.0,1.0,safe_rate,1.0,1.0,synthetic_main_baselines,1080
ga,1.0,1.0,return_rate,1.0,1.0,synthetic_main_baselines,1080
ga,0.0,0.0,violation_rate,0.0,0.0,synthetic_main_baselines,1080
ga,0.0,0.0,stranded_rate,0.0,0.0,synthetic_main_baselines,1080
ga,0.41230324074074076,0.4166666666666667,coverage,0.3125,0.5,synthetic_main_baselines,1080
ga,0.4869523573318216,0.4897959183673469,weighted_coverage,0.375,0.625,synthetic_main_baselines,1080
ga,8.178703703703704,8.0,visited_count,6.0,10.0,synthetic_main_baselines,1080
ga,0.531875,0.6,high_priority_coverage,0.3333333333333333,0.8,synthetic_main_baselines,1080
ga,0.6077932098765433,0.625,medium_priority_coverage,0.4444444444444444,0.8333333333333334,synthetic_main_baselines,1080
ga,0.03903880070546738,0.0,low_priority_coverage,0.0,0.0,synthetic_main_baselines,1080
ga,0.8184813104475535,0.8461538461538461,oracle_attainment_lower,0.7647058823529412,0.9142857142857151,synthetic_main_baselines,1080
ga,0.8493385042903491,0.8823529411764706,oracle_attainment_upper,0.8041666666666666,0.9285714285714287,synthetic_main_baselines,1080
ga,0.0820793178382464,0.0625,oracle_regret_lower,0.03125,0.1224489795918367,synthetic_main_baselines,1080
ga,0.10473320578231288,0.09375,oracle_regret_upper,0.050000000000000044,0.1499999999999999,synthetic_main_baselines,1080
ga,0.592757774286196,0.543431275227322,safe_energy_utilization,0.38406876325254324,0.8521643580228998,synthetic_main_baselines,1080
ga,0.7171705481503585,0.7771243108174197,safe_distance_utilization,0.5560330260283891,0.9070783031545571,synthetic_main_baselines,1080
ga,0.522150436007479,0.3886427704647072,safe_time_utilization,0.24310165987633367,0.876332848436169,synthetic_main_baselines,1080
ga,0.0,0.0,dangerous_action_proposal_rate,0.0,0.0,synthetic_main_baselines,1080
ga,0.0,0.0,environment_interception_rate,0.0,0.0,synthetic_main_baselines,1080
ga,5.514779837685186,5.411619200000082,planning_time_s,4.839269999999985,6.134599250000008,synthetic_main_baselines,1080
milp,0.5710677673847316,0.5732142857142857,safe_weighted_coverage,0.42857142857142855,0.71875,synthetic_main_baselines,216
milp,1.0,1.0,safe_rate,1.0,1.0,synthetic_main_baselines,216
milp,1.0,1.0,return_rate,1.0,1.0,synthetic_main_baselines,216
milp,0.0,0.0,violation_rate,0.0,0.0,synthetic_main_baselines,216
milp,0.0,0.0,stranded_rate,0.0,0.0,synthetic_main_baselines,216
milp,0.5129436728395061,0.5,coverage,0.375,0.6666666666666666,synthetic_main_baselines,216
milp,0.5710677673847316,0.5732142857142857,weighted_coverage,0.42857142857142855,0.71875,synthetic_main_baselines,216
milp,10.217592592592593,10.0,visited_count,7.0,13.0,synthetic_main_baselines,216
milp,0.5989197530864198,0.6,high_priority_coverage,0.4,0.8,synthetic_main_baselines,216
milp,0.6760545267489712,0.75,medium_priority_coverage,0.5,0.875,synthetic_main_baselines,216
milp,0.21466049382716046,0.16666666666666666,low_priority_coverage,0.0,0.4,synthetic_main_baselines,216
milp,0.9669126990361666,1.0,oracle_attainment_lower,0.9626068376068377,1.0,synthetic_main_baselines,216
milp,0.9991868471035138,1.0,oracle_attainment_upper,1.0,1.0,synthetic_main_baselines,216
milp,0.0003047052154195012,0.0,oracle_regret_lower,0.0,0.0,synthetic_main_baselines,216
milp,0.02061779572940315,0.0,oracle_regret_upper,0.0,0.024999999999999828,synthetic_main_baselines,216
milp,0.6691249217798997,0.6274527590961222,safe_energy_utilization,0.44548142432569654,0.9482163517071324,synthetic_main_baselines,216
milp,0.775033225733461,0.8789482002805897,safe_distance_utilization,0.5994972647028181,0.9589307247264549,synthetic_main_baselines,216
milp,0.5833801643993305,0.4516841747741739,safe_time_utilization,0.279464209098964,0.9566067333809645,synthetic_main_baselines,216
milp,0.0,0.0,dangerous_action_proposal_rate,0.0,0.0,synthetic_main_baselines,216
milp,0.0,0.0,environment_interception_rate,0.0,0.0,synthetic_main_baselines,216
milp,20.807369955555554,11.551453649999985,planning_time_s,5.63640512500001,31.480968974999996,synthetic_main_baselines,216
nearest_feasible,0.45391983182161755,0.4432397959183674,safe_weighted_coverage,0.3125,0.5918367346938775,synthetic_main_baselines,216
nearest_feasible,1.0,1.0,safe_rate,1.0,1.0,synthetic_main_baselines,216
nearest_feasible,1.0,1.0,return_rate,1.0,1.0,synthetic_main_baselines,216
nearest_feasible,0.0,0.0,violation_rate,0.0,0.0,synthetic_main_baselines,216
nearest_feasible,0.0,0.0,stranded_rate,0.0,0.0,synthetic_main_baselines,216
nearest_feasible,0.4504436728395062,0.45,coverage,0.3125,0.5625,synthetic_main_baselines,216
nearest_feasible,0.45391983182161755,0.4432397959183674,weighted_coverage,0.3125,0.5918367346938775,synthetic_main_baselines,216
nearest_feasible,8.925925925925926,9.0,visited_count,6.0,11.0,synthetic_main_baselines,216
nearest_feasible,0.38765432098765434,0.375,high_priority_coverage,0.16666666666666666,0.6,synthetic_main_baselines,216
nearest_feasible,0.5704732510288066,0.5555555555555556,medium_priority_coverage,0.4444444444444444,0.75,synthetic_main_baselines,216
nearest_feasible,0.36269841269841274,0.3333333333333333,low_priority_coverage,0.16666666666666666,0.5714285714285714,synthetic_main_baselines,216
nearest_feasible,0.76290936887031,0.7777777777777778,oracle_attainment_lower,0.6666666666666666,0.875,synthetic_main_baselines,216
nearest_feasible,0.7933852512566327,0.8280788177339902,oracle_attainment_upper,0.7058823529411765,0.9090909090909091,synthetic_main_baselines,216
nearest_feasible,0.11480477607709749,0.09687499999999999,oracle_regret_lower,0.04999999999999999,0.16326530612244905,synthetic_main_baselines,216
nearest_feasible,0.1377657312925168,0.125,oracle_regret_upper,0.0625000000000001,0.2000000000000019,synthetic_main_baselines,216
nearest_feasible,0.6559737838811971,0.6261225609478596,safe_energy_utilization,0.4253646104740269,0.9341447533237134,synthetic_main_baselines,216
nearest_feasible,0.767017888644269,0.8458017374260904,safe_distance_utilization,0.5876946205789757,0.9504518579874787,synthetic_main_baselines,216
nearest_feasible,0.5722752650756303,0.44168219771278483,safe_time_utilization,0.26783806593520665,0.9289174682753668,synthetic_main_baselines,216
nearest_feasible,0.0,0.0,dangerous_action_proposal_rate,0.0,0.0,synthetic_main_baselines,216
nearest_feasible,0.0,0.0,environment_interception_rate,0.0,0.0,synthetic_main_baselines,216
nearest_feasible,3.197209316203703,3.0352010999999948,planning_time_s,2.072169025000001,4.276640050000005,synthetic_main_baselines,216
priority_resource_greedy,0.45091116307634166,0.4588647959183674,safe_weighted_coverage,0.32614795918367345,0.59375,synthetic_main_baselines,216
priority_resource_greedy,1.0,1.0,safe_rate,1.0,1.0,synthetic_main_baselines,216
priority_resource_greedy,1.0,1.0,return_rate,1.0,1.0,synthetic_main_baselines,216
priority_resource_greedy,0.0,0.0,violation_rate,0.0,0.0,synthetic_main_baselines,216
priority_resource_greedy,0.0,0.0,stranded_rate,0.0,0.0,synthetic_main_baselines,216
priority_resource_greedy,0.41541280864197533,0.4375,coverage,0.3,0.5416666666666666,synthetic_main_baselines,216
priority_resource_greedy,0.45091116307634166,0.4588647959183674,weighted_coverage,0.32614795918367345,0.59375,synthetic_main_baselines,216
priority_resource_greedy,8.231481481481481,8.0,visited_count,6.0,10.0,synthetic_main_baselines,216
priority_resource_greedy,0.3803240740740741,0.375,high_priority_coverage,0.16666666666666666,0.6,synthetic_main_baselines,216
priority_resource_greedy,0.658886316872428,0.6666666666666666,medium_priority_coverage,0.5,0.8888888888888888,synthetic_main_baselines,216
priority_resource_greedy,0.14210758377425045,0.0,low_priority_coverage,0.0,0.2,synthetic_main_baselines,216
priority_resource_greedy,0.7554997676893569,0.7999999999999714,oracle_attainment_lower,0.7064137308039746,0.8571428571428592,synthetic_main_baselines,216
priority_resource_greedy,0.7841770030886962,0.8313008130081301,oracle_attainment_upper,0.7391304347826088,0.8888888888888888,synthetic_main_baselines,216
priority_resource_greedy,0.11790792705971277,0.1,oracle_regret_lower,0.04999999999999999,0.15625,synthetic_main_baselines,216
priority_resource_greedy,0.14077440003779268,0.125,oracle_regret_upper,0.07499999999999996,0.1875,synthetic_main_baselines,216
priority_resource_greedy,0.5832772387684928,0.5148148609172348,safe_energy_utilization,0.3647685097655835,0.8661202234175533,synthetic_main_baselines,216
priority_resource_greedy,0.7087461449157602,0.7662758885379247,safe_distance_utilization,0.5150684115722532,0.9149773581146088,synthetic_main_baselines,216
priority_resource_greedy,0.5119388269144387,0.36306114980873816,safe_time_utilization,0.2415660736687045,0.8745283082742159,synthetic_main_baselines,216
priority_resource_greedy,0.0,0.0,dangerous_action_proposal_rate,0.0,0.0,synthetic_main_baselines,216
priority_resource_greedy,0.0,0.0,environment_interception_rate,0.0,0.0,synthetic_main_baselines,216
priority_resource_greedy,3.0958802444444427,2.8598001999999667,planning_time_s,2.012994924999987,4.146715100000009,synthetic_main_baselines,216
sa,0.5436242205215419,0.55,safe_weighted_coverage,0.40816326530612246,0.6938775510204082,synthetic_main_baselines,1080
sa,1.0,1.0,safe_rate,1.0,1.0,synthetic_main_baselines,1080
sa,1.0,1.0,return_rate,1.0,1.0,synthetic_main_baselines,1080
sa,0.0,0.0,violation_rate,0.0,0.0,synthetic_main_baselines,1080
sa,0.0,0.0,stranded_rate,0.0,0.0,synthetic_main_baselines,1080
sa,0.47373070987654314,0.5,coverage,0.35,0.6,synthetic_main_baselines,1080
sa,0.5436242205215419,0.55,weighted_coverage,0.40816326530612246,0.6938775510204082,synthetic_main_baselines,1080
sa,9.39537037037037,9.0,visited_count,7.0,12.0,synthetic_main_baselines,1080
sa,0.5781018518518519,0.6,high_priority_coverage,0.4,0.8,synthetic_main_baselines,1080
sa,0.6688657407407408,0.75,medium_priority_coverage,0.5,0.875,synthetic_main_baselines,1080
sa,0.11569223985890653,0.0,low_priority_coverage,0.0,0.2,synthetic_main_baselines,1080
sa,0.915610364531776,0.9444444444444444,oracle_attainment_lower,0.8846153846153846,1.0,synthetic_main_baselines,1080
sa,0.9482480691395216,0.9714285714285714,oracle_attainment_upper,0.9333333333333333,1.0,synthetic_main_baselines,1080
sa,0.026155753968253967,0.02040816326530609,oracle_regret_lower,0.0,0.04081632653061218,synthetic_main_baselines,1080
sa,0.04806134259259284,0.03125,oracle_regret_upper,0.0,0.07499999999999996,synthetic_main_baselines,1080
sa,0.6331588321216624,0.5837175367797331,safe_energy_utilization,0.42226045901645465,0.9097871848749537,synthetic_main_baselines,1080
sa,0.7452224940324631,0.8258203332477849,safe_distance_utilization,0.5629172531887159,0.9306387585461483,synthetic_main_baselines,1080
sa,0.5546796397998419,0.40305011245412786,safe_time_utilization,0.265872049940041,0.9138363615379423,synthetic_main_baselines,1080
sa,0.0,0.0,dangerous_action_proposal_rate,0.0,0.0,synthetic_main_baselines,1080
sa,0.0,0.0,environment_interception_rate,0.0,0.0,synthetic_main_baselines,1080
sa,3.8315376559259273,3.73125564999998,planning_time_s,3.2782698749999923,4.3792870250000036,synthetic_main_baselines,1080
a_star,0.5418225623582766,0.540625,safe_weighted_coverage,0.3826530612244898,0.6797193877551021,synthetic_supplementary,72
a_star,1.0,1.0,safe_rate,1.0,1.0,synthetic_supplementary,72
a_star,1.0,1.0,return_rate,1.0,1.0,synthetic_supplementary,72
a_star,0.0,0.0,violation_rate,0.0,0.0,synthetic_supplementary,72
a_star,0.0,0.0,stranded_rate,0.0,0.0,synthetic_supplementary,72
a_star,0.4715277777777778,0.45416666666666666,coverage,0.3333333333333333,0.6,synthetic_supplementary,72
a_star,0.5418225623582766,0.540625,weighted_coverage,0.3826530612244898,0.6797193877551021,synthetic_supplementary,72
a_star,9.097222222222221,9.0,visited_count,7.0,11.0,synthetic_supplementary,72
a_star,0.6292824074074074,0.6,high_priority_coverage,0.5,0.8333333333333334,synthetic_supplementary,72
a_star,0.5802469135802469,0.625,medium_priority_coverage,0.3645833333333333,0.75,synthetic_supplementary,72
a_star,0.16726190476190475,0.0,low_priority_coverage,0.0,0.3333333333333333,synthetic_supplementary,72
a_star,0.8811446495138209,1.0,oracle_attainment_lower,0.8057692307692308,1.0,synthetic_supplementary,72
a_star,0.9027401102370113,1.0,oracle_attainment_upper,0.895628078817734,1.0,synthetic_supplementary,72
a_star,0.06639916383219954,0.0,oracle_regret_lower,0.0,0.06466836734693873,synthetic_supplementary,72
a_star,0.08351225907029475,0.0,oracle_regret_upper,0.0,0.125,synthetic_supplementary,72
a_star,0.6189936245546944,0.555366058588181,safe_energy_utilization,0.44147009590345687,0.9152857221137026,synthetic_supplementary,72
a_star,0.7456636544307673,0.7539611057013078,safe_distance_utilization,0.567191725024946,0.93547552946537,synthetic_supplementary,72
a_star,0.5079396271215467,0.3604330311947208,safe_time_utilization,0.26703012985686647,0.8845364850129109,synthetic_supplementary,72
a_star,0.0,0.0,dangerous_action_proposal_rate,0.0,0.0,synthetic_supplementary,72
a_star,0.0,0.0,environment_interception_rate,0.0,0.0,synthetic_supplementary,72
a_star,31.11006476111111,26.891764499999994,planning_time_s,4.188706500000023,60.35839962500006,synthetic_supplementary,72
exact_pareto_dp,0.5464728599773242,0.540625,safe_weighted_coverage,0.3877551020408163,0.68125,synthetic_supplementary,72
exact_pareto_dp,1.0,1.0,safe_rate,1.0,1.0,synthetic_supplementary,72
exact_pareto_dp,1.0,1.0,return_rate,1.0,1.0,synthetic_supplementary,72
exact_pareto_dp,0.0,0.0,violation_rate,0.0,0.0,synthetic_supplementary,72
exact_pareto_dp,0.0,0.0,stranded_rate,0.0,0.0,synthetic_supplementary,72
exact_pareto_dp,0.4730902777777778,0.44375,coverage,0.328125,0.5875,synthetic_supplementary,72
exact_pareto_dp,0.5464728599773242,0.540625,weighted_coverage,0.3877551020408163,0.68125,synthetic_supplementary,72
exact_pareto_dp,9.13888888888889,9.0,visited_count,7.0,11.0,synthetic_supplementary,72
exact_pareto_dp,0.6304398148148148,0.6125,high_priority_coverage,0.475,0.84375,synthetic_supplementary,72
exact_pareto_dp,0.5989583333333334,0.625,medium_priority_coverage,0.4270833333333333,0.8333333333333334,synthetic_supplementary,72
exact_pareto_dp,0.14689153439153438,0.0,low_priority_coverage,0.0,0.2,synthetic_supplementary,72
exact_pareto_dp,0.8889707044979729,1.0,oracle_attainment_lower,0.8226127320954907,1.0,synthetic_supplementary,72
exact_pareto_dp,0.910733183726056,1.0,oracle_attainment_upper,0.9895833333333333,1.0,synthetic_supplementary,72
exact_pareto_dp,0.061748866213151926,0.0,oracle_regret_lower,0.0,0.0062500000000000056,synthetic_supplementary,72
exact_pareto_dp,0.07886196145124719,0.0,oracle_regret_upper,0.0,0.10204081632653061,synthetic_supplementary,72
exact_pareto_dp,0.6160328144837001,0.5611526712693516,safe_energy_utilization,0.43695900251178454,0.8970610555956434,synthetic_supplementary,72
exact_pareto_dp,0.7464698989714412,0.7434021211745425,safe_distance_utilization,0.5642099233652705,0.9437468352078495,synthetic_supplementary,72
exact_pareto_dp,0.5082401558728813,0.36355674423626844,safe_time_utilization,0.26471145066911694,0.8845364850129109,synthetic_supplementary,72
exact_pareto_dp,0.0,0.0,dangerous_action_proposal_rate,0.0,0.0,synthetic_supplementary,72
exact_pareto_dp,0.0,0.0,environment_interception_rate,0.0,0.0,synthetic_supplementary,72
exact_pareto_dp,22.544956973611104,13.075731650000023,planning_time_s,2.391248274999896,44.583423449999984,synthetic_supplementary,72
pso,0.48935657596371873,0.5,safe_weighted_coverage,0.39693877551020407,0.6122448979591837,synthetic_supplementary,360
pso,1.0,1.0,safe_rate,1.0,1.0,synthetic_supplementary,360
pso,1.0,1.0,return_rate,1.0,1.0,synthetic_supplementary,360
pso,0.0,0.0,violation_rate,0.0,0.0,synthetic_supplementary,360
pso,0.0,0.0,stranded_rate,0.0,0.0,synthetic_supplementary,360
pso,0.4320949074074074,0.45,coverage,0.35,0.5104166666666666,synthetic_supplementary,360
pso,0.48935657596371873,0.5,weighted_coverage,0.39693877551020407,0.6122448979591837,synthetic_supplementary,360
pso,8.494444444444444,9.0,visited_count,7.0,10.0,synthetic_supplementary,360
pso,0.5080555555555556,0.5,high_priority_coverage,0.3333333333333333,0.75,synthetic_supplementary,360
pso,0.6105709876543209,0.6666666666666666,medium_priority_coverage,0.4444444444444444,0.8333333333333334,synthetic_supplementary,360
pso,0.12794973544973542,0.0,low_priority_coverage,0.0,0.2,synthetic_supplementary,360
pso,0.7701030169523907,0.8124999999999984,oracle_attainment_lower,0.7142857142857144,0.8856837606837606,synthetic_supplementary,360
pso,0.7951051894342688,0.8366666666666667,oracle_attainment_upper,0.75,0.9047619047619047,synthetic_supplementary,360
pso,0.11632263321995463,0.09999999999999998,oracle_regret_lower,0.061224489795918324,0.15625,synthetic_supplementary,360
pso,0.13597824546485257,0.125,oracle_regret_upper,0.0625,0.1846301020408164,synthetic_supplementary,360
pso,0.588443989099915,0.5249446896566616,safe_energy_utilization,0.39139095467319024,0.867225303959219,synthetic_supplementary,360
pso,0.7285508968567979,0.7935637424967711,safe_distance_utilization,0.5929954918868355,0.9155285679735636,synthetic_supplementary,360
pso,0.48277283564831264,0.3383364574952903,safe_time_utilization,0.25275075935744934,0.8623238565275055,synthetic_supplementary,360
pso,0.0,0.0,dangerous_action_proposal_rate,0.0,0.0,synthetic_supplementary,360
pso,0.0,0.0,environment_interception_rate,0.0,0.0,synthetic_supplementary,360
pso,3.3318894866666664,3.248688099999999,planning_time_s,2.8171537999999927,3.789964925000003,synthetic_supplementary,360
full,0.5024440192743764,0.5,safe_weighted_coverage,0.375,0.625,real_learning,720
full,1.0,1.0,safe_rate,1.0,1.0,real_learning,720
full,1.0,1.0,return_rate,1.0,1.0,real_learning,720
full,0.0,0.0,violation_rate,0.0,0.0,real_learning,720
full,0.0,0.0,stranded_rate,0.0,0.0,real_learning,720
full,0.4436863425925926,0.4375,coverage,0.3333333333333333,0.55,real_learning,720
full,0.5024440192743764,0.5,weighted_coverage,0.375,0.625,real_learning,720
full,8.841666666666667,9.0,visited_count,7.0,11.0,real_learning,720
full,0.5189699074074074,0.5,high_priority_coverage,0.3333333333333333,0.75,real_learning,720
full,0.6266203703703703,0.6666666666666666,medium_priority_coverage,0.4444444444444444,0.8333333333333334,real_learning,720
full,0.130271164021164,0.0,low_priority_coverage,0.0,0.2,real_learning,720
full,0.8526022747957697,0.8657657657657658,oracle_attainment_lower,0.7857142857142858,0.9230769230769222,real_learning,720
full,0.8671623015872472,0.88,oracle_attainment_upper,0.8117559523809523,0.9285714285714287,real_learning,720
full,0.07961309523809525,0.0625,oracle_regret_lower,0.03125,0.12244897959183666,real_learning,720
full,0.08967970521541997,0.07500000000000007,oracle_regret_upper,0.040816326530612235,0.12500000000000006,real_learning,720
full,0.672622427884499,0.6995125559265462,safe_energy_utilization,0.42016216842879556,0.9269348455432855,real_learning,720
full,0.772073687340405,0.8884383100540496,safe_distance_utilization,0.5838703341645415,0.9641674360523068,real_learning,720
full,0.5085812763783945,0.36693286595949126,safe_time_utilization,0.19210612673389704,0.892434072402079,real_learning,720
full,0.0,0.0,dangerous_action_proposal_rate,0.0,0.0,real_learning,720
full,0.0,0.0,environment_interception_rate,0.0,0.0,real_learning,720
full,1.2227200080555547,1.1371485500000347,planning_time_s,0.8345205250000021,1.5471032999999892,real_learning,720
traditional_ppo,0.2658103032879819,0.2653061224489796,safe_weighted_coverage,0.2,0.32653061224489793,real_learning,720
traditional_ppo,1.0,1.0,safe_rate,1.0,1.0,real_learning,720
traditional_ppo,1.0,1.0,return_rate,1.0,1.0,real_learning,720
traditional_ppo,0.0,0.0,violation_rate,0.0,0.0,real_learning,720
traditional_ppo,0.0,0.0,stranded_rate,0.0,0.0,real_learning,720
traditional_ppo,0.2627893518518518,0.25,coverage,0.2,0.3125,real_learning,720
traditional_ppo,0.2658103032879819,0.2653061224489796,weighted_coverage,0.2,0.32653061224489793,real_learning,720
traditional_ppo,5.1625,5.0,visited_count,4.0,6.0,real_learning,720
traditional_ppo,0.21855324074074076,0.2,high_priority_coverage,0.125,0.3333333333333333,real_learning,720
traditional_ppo,0.3505979938271605,0.3333333333333333,medium_priority_coverage,0.2222222222222222,0.5,real_learning,720
traditional_ppo,0.1972751322751323,0.16666666666666666,low_priority_coverage,0.0,0.3333333333333333,real_learning,720
traditional_ppo,0.46001115515598767,0.45,oracle_attainment_lower,0.35714285714285715,0.5483870967741935,real_learning,720
traditional_ppo,0.4675314365485125,0.4654761904761905,oracle_attainment_upper,0.3684210526315789,0.5599999999999999,real_learning,720
traditional_ppo,0.3159286422902495,0.3125,oracle_regret_lower,0.22448979591836732,0.40625,real_learning,720
traditional_ppo,0.3263134212018145,0.32499999999999996,oracle_regret_upper,0.2250000000000003,0.42500000000000004,real_learning,720
traditional_ppo,0.6389130549403359,0.6274272298029178,safe_energy_utilization,0.3816991130959624,0.9291522237373164,real_learning,720
traditional_ppo,0.8253882225746968,0.936444059697688,safe_distance_utilization,0.6984862598732344,0.9781889488631796,real_learning,720
traditional_ppo,0.48816604867392516,0.3514418480354363,safe_time_utilization,0.1825982852888485,0.8389981448067847,real_learning,720
traditional_ppo,0.0,0.0,dangerous_action_proposal_rate,0.0,0.0,real_learning,720
traditional_ppo,0.0,0.0,environment_interception_rate,0.0,0.0,real_learning,720
traditional_ppo,0.7289261256944459,0.6871350999999777,planning_time_s,0.5147187499999291,0.898544799999911,real_learning,720
a2c_pointer,0.5024567743764172,0.5,safe_weighted_coverage,0.375,0.6269132653061225,real_learning,720
a2c_pointer,1.0,1.0,safe_rate,1.0,1.0,real_learning,720
a2c_pointer,1.0,1.0,return_rate,1.0,1.0,real_learning,720
a2c_pointer,0.0,0.0,violation_rate,0.0,0.0,real_learning,720
a2c_pointer,0.0,0.0,stranded_rate,0.0,0.0,real_learning,720
a2c_pointer,0.43723379629629633,0.4375,coverage,0.3333333333333333,0.55,real_learning,720
a2c_pointer,0.5024567743764172,0.5,weighted_coverage,0.375,0.6269132653061225,real_learning,720
a2c_pointer,8.708333333333334,9.0,visited_count,7.0,11.0,real_learning,720
a2c_pointer,0.5445717592592593,0.5,high_priority_coverage,0.3333333333333333,0.75,real_learning,720
a2c_pointer,0.6007137345679012,0.6666666666666666,medium_priority_coverage,0.4444444444444444,0.8333333333333334,real_learning,720
a2c_pointer,0.11432539682539683,0.0,low_priority_coverage,0.0,0.16666666666666666,real_learning,720
a2c_pointer,0.8506136176043355,0.863636363636362,oracle_attainment_lower,0.7894736842105263,0.92,real_learning,720
a2c_pointer,0.865177783033423,0.875,oracle_attainment_upper,0.8095238095238095,0.9291871921182268,real_learning,720
a2c_pointer,0.0795656179138322,0.0625,oracle_regret_lower,0.03125,0.1224489795918367,real_learning,720
a2c_pointer,0.08966695011337918,0.07500000000000331,oracle_regret_upper,0.04081632653061229,0.125,real_learning,720
a2c_pointer,0.6733100084494693,0.6946929719805799,safe_energy_utilization,0.4130484195730148,0.9358323109700143,real_learning,720
a2c_pointer,0.7754405971647896,0.8929153260397156,safe_distance_utilization,0.5896130992118775,0.9638716592225146,real_learning,720
a2c_pointer,0.5081428607393147,0.3657083325862793,safe_time_utilization,0.19248682595549194,0.8796783671567863,real_learning,720
a2c_pointer,0.0,0.0,dangerous_action_proposal_rate,0.0,0.0,real_learning,720
a2c_pointer,0.0,0.0,environment_interception_rate,0.0,0.0,real_learning,720
a2c_pointer,1.2039721888888886,1.1159417999999945,planning_time_s,0.8177635750000078,1.53897332499999,real_learning,720
no_priority_bias,0.5030693735827664,0.5,safe_weighted_coverage,0.375,0.65,real_learning,720
no_priority_bias,1.0,1.0,safe_rate,1.0,1.0,real_learning,720
no_priority_bias,1.0,1.0,return_rate,1.0,1.0,real_learning,720
no_priority_bias,0.0,0.0,violation_rate,0.0,0.0,real_learning,720
no_priority_bias,0.0,0.0,stranded_rate,0.0,0.0,real_learning,720
no_priority_bias,0.44354745370370363,0.4375,coverage,0.3333333333333333,0.55,real_learning,720
no_priority_bias,0.5030693735827664,0.5,weighted_coverage,0.375,0.65,real_learning,720
no_priority_bias,8.840277777777779,9.0,visited_count,7.0,11.0,real_learning,720
no_priority_bias,0.5171412037037036,0.5,high_priority_coverage,0.3333333333333333,0.75,real_learning,720
no_priority_bias,0.6337770061728395,0.6666666666666666,medium_priority_coverage,0.5,0.8333333333333334,real_learning,720
no_priority_bias,0.12316798941798941,0.0,low_priority_coverage,0.0,0.2,real_learning,720
no_priority_bias,0.8518866254742068,0.8666666666666667,oracle_attainment_lower,0.7935049019607843,0.92,real_learning,720
no_priority_bias,0.866345567560743,0.875,oracle_attainment_upper,0.8117559523809523,0.9235576923076924,real_learning,720
no_priority_bias,0.07902246315192743,0.0625,oracle_regret_lower,0.04081632653061218,0.10204081632653061,real_learning,720
no_priority_bias,0.08905435090702996,0.07500000000000162,oracle_regret_upper,0.04081632653061229,0.125,real_learning,720
no_priority_bias,0.6715816996067677,0.7055659343075881,safe_energy_utilization,0.41646021206626904,0.9268466281888456,real_learning,720
no_priority_bias,0.7713604215738581,0.8884501366269122,safe_distance_utilization,0.5824909314891029,0.9638403623533263,real_learning,720
no_priority_bias,0.5074831744601359,0.36510908332660574,safe_time_utilization,0.19360468374117207,0.8867842932512038,real_learning,720
no_priority_bias,0.0,0.0,dangerous_action_proposal_rate,0.0,0.0,real_learning,720
no_priority_bias,0.0,0.0,environment_interception_rate,0.0,0.0,real_learning,720
no_priority_bias,1.2323709494444484,1.1418598999999858,planning_time_s,0.8262626750000379,1.5500132250000433,real_learning,720
no_domain_randomization,0.501514491213152,0.48239795918367345,safe_weighted_coverage,0.375,0.625,real_learning,720
no_domain_randomization,1.0,1.0,safe_rate,1.0,1.0,real_learning,720
no_domain_randomization,1.0,1.0,return_rate,1.0,1.0,real_learning,720
no_domain_randomization,0.0,0.0,violation_rate,0.0,0.0,real_learning,720
no_domain_randomization,0.0,0.0,stranded_rate,0.0,0.0,real_learning,720
no_domain_randomization,0.4497164351851852,0.45,coverage,0.3333333333333333,0.5625,real_learning,720
no_domain_randomization,0.501514491213152,0.48239795918367345,weighted_coverage,0.375,0.625,real_learning,720
no_domain_randomization,8.959722222222222,9.0,visited_count,7.0,11.0,real_learning,720
no_domain_randomization,0.5108449074074074,0.5,high_priority_coverage,0.3333333333333333,0.75,real_learning,720
no_domain_randomization,0.6197723765432098,0.6666666666666666,medium_priority_coverage,0.4444444444444444,0.8333333333333334,real_learning,720
no_domain_randomization,0.16754629629629628,0.0,low_priority_coverage,0.0,0.3333333333333333,real_learning,720
no_domain_randomization,0.8510360143133296,0.8666666666666667,oracle_attainment_lower,0.782608695652174,0.9285714285714285,real_learning,720
no_domain_randomization,0.8656033725623055,0.8823529411764706,oracle_attainment_upper,0.8095238095238095,0.9411764705882353,real_learning,720
no_domain_randomization,0.08054262329931973,0.0625,oracle_regret_lower,0.03125,0.10204081632653067,real_learning,720
no_domain_randomization,0.09060923327664447,0.07500000000000068,oracle_regret_upper,0.03842474489795851,0.125,real_learning,720
no_domain_randomization,0.6760613548988958,0.7290958818911502,safe_energy_utilization,0.4169569576459622,0.930405693918766,real_learning,720
no_domain_randomization,0.7737947148310098,0.8862565727401945,safe_distance_utilization,0.5937572575777795,0.9631948366477567,real_learning,720
no_domain_randomization,0.5114011547344873,0.36472451248569504,safe_time_utilization,0.19216861125151402,0.8946189414385701,real_learning,720
no_domain_randomization,0.0,0.0,dangerous_action_proposal_rate,0.0,0.0,real_learning,720
no_domain_randomization,0.0,0.0,environment_interception_rate,0.0,0.0,real_learning,720
no_domain_randomization,1.2565267256944461,1.1774559499999668,planning_time_s,0.8426971250000292,1.5608001000000087,real_learning,720
no_resource_shaping,0.5023492417800454,0.49489795918367346,safe_weighted_coverage,0.375,0.625,real_learning,720
no_resource_shaping,1.0,1.0,safe_rate,1.0,1.0,real_learning,720
no_resource_shaping,1.0,1.0,return_rate,1.0,1.0,real_learning,720
no_resource_shaping,0.0,0.0,violation_rate,0.0,0.0,real_learning,720
no_resource_shaping,0.0,0.0,stranded_rate,0.0,0.0,real_learning,720
no_resource_shaping,0.43939814814814815,0.4375,coverage,0.3333333333333333,0.55,real_learning,720
no_resource_shaping,0.5023492417800454,0.49489795918367346,weighted_coverage,0.375,0.625,real_learning,720
no_resource_shaping,8.755555555555556,9.0,visited_count,7.0,11.0,real_learning,720
no_resource_shaping,0.5351273148148148,0.5,high_priority_coverage,0.3333333333333333,0.75,real_learning,720
no_resource_shaping,0.610108024691358,0.6666666666666666,medium_priority_coverage,0.4444444444444444,0.8333333333333334,real_learning,720
no_resource_shaping,0.11950396825396825,0.0,low_priority_coverage,0.0,0.2,real_learning,720
no_resource_shaping,0.8505874861541582,0.8636363636363636,oracle_attainment_lower,0.7857142857142858,0.9210526315789475,real_learning,720
no_resource_shaping,0.8650808850517935,0.88,oracle_attainment_upper,0.8095238095238095,0.9285714285714287,real_learning,720
no_resource_shaping,0.07970787273242631,0.0625,oracle_regret_lower,0.03125,0.1224489795918367,real_learning,720
no_resource_shaping,0.08977448270975105,0.07500000000000007,oracle_regret_upper,0.04081632653061229,0.125,real_learning,720
no_resource_shaping,0.6733931401278754,0.704415246113292,safe_energy_utilization,0.4148535013494511,0.9337606393095144,real_learning,720
no_resource_shaping,0.7744951521768327,0.8928122567249732,safe_distance_utilization,0.5840831652989555,0.9629192764122062,real_learning,720
no_resource_shaping,0.5091684643998976,0.3682000026433152,safe_time_utilization,0.19216778987809796,0.892434072402079,real_learning,720
no_resource_shaping,0.0,0.0,dangerous_action_proposal_rate,0.0,0.0,real_learning,720
no_resource_shaping,0.0,0.0,environment_interception_rate,0.0,0.0,real_learning,720
no_resource_shaping,1.2192586405555519,1.1295882999999094,planning_time_s,0.8150662250001233,1.5177096249999522,real_learning,720
no_return_reserve,0.11206916099773241,0.075,safe_weighted_coverage,0.0,0.2,real_learning,720
no_return_reserve,0.9972222222222222,1.0,safe_rate,1.0,1.0,real_learning,720
no_return_reserve,0.9972222222222222,1.0,return_rate,1.0,1.0,real_learning,720
no_return_reserve,0.0,0.0,violation_rate,0.0,0.0,real_learning,720
no_return_reserve,0.002777777777777778,0.0,stranded_rate,0.0,0.0,real_learning,720
no_return_reserve,0.09691550925925926,0.0625,coverage,0.0,0.16666666666666666,real_learning,720
no_return_reserve,0.11278486394557821,0.075,weighted_coverage,0.0,0.2,real_learning,720
no_return_reserve,1.9805555555555556,1.0,visited_count,0.0,3.0,real_learning,720
no_return_reserve,0.10674768518518518,0.0,high_priority_coverage,0.0,0.2,real_learning,720
no_return_reserve,0.16421682098765433,0.0,medium_priority_coverage,0.0,0.25,real_learning,720
no_return_reserve,0.0006746031746031745,0.0,low_priority_coverage,0.0,0.0,real_learning,720
no_return_reserve,0.1891956014645603,0.14285714285714285,oracle_attainment_lower,0.0,0.3333333333333333,real_learning,720
no_return_reserve,0.19399923833451665,0.14285714285714285,oracle_attainment_upper,0.0,0.3333333333333333,real_learning,720
no_return_reserve,0.4696697845804989,0.45,oracle_regret_lower,0.34375,0.59375,real_learning,720
no_return_reserve,0.480054563492064,0.46875,oracle_regret_upper,0.3469387755102041,0.59375,real_learning,720
no_return_reserve,0.14565993593911902,0.0948328569648163,safe_energy_utilization,0.0,0.23308274610383223,real_learning,718
no_return_reserve,0.16167211046563829,0.1213166105237769,safe_distance_utilization,0.0,0.26566668248990266,real_learning,718
no_return_reserve,0.10650628626250255,0.052719524465828345,safe_time_utilization,0.0,0.14071404709595092,real_learning,718
no_return_reserve,0.002777777777777778,0.0,dangerous_action_proposal_rate,0.0,0.0,real_learning,720
no_return_reserve,0.002777777777777778,0.0,environment_interception_rate,0.0,0.0,real_learning,720
no_return_reserve,0.4427337472222187,0.323421049999979,planning_time_s,0.21129155000011224,0.5680378749999022,real_learning,720
aco,0.5599302012471655,0.55,safe_weighted_coverage,0.4375,0.7,real_baselines,720
aco,1.0,1.0,safe_rate,1.0,1.0,real_baselines,720
aco,1.0,1.0,return_rate,1.0,1.0,real_baselines,720
aco,0.0,0.0,violation_rate,0.0,0.0,real_baselines,720
aco,0.0,0.0,stranded_rate,0.0,0.0,real_baselines,720
aco,0.49135995370370367,0.5,coverage,0.375,0.625,real_baselines,720
aco,0.5599302012471655,0.55,weighted_coverage,0.4375,0.7,real_baselines,720
aco,9.786111111111111,10.0,visited_count,7.0,12.0,real_baselines,720
aco,0.5960069444444445,0.6,high_priority_coverage,0.4,0.8333333333333334,real_baselines,720
aco,0.6775077160493826,0.75,medium_priority_coverage,0.5555555555555556,0.875,real_baselines,720
aco,0.14345899470899473,0.0,low_priority_coverage,0.0,0.2857142857142857,real_baselines,720
aco,0.9483418596730478,0.9615384615384615,oracle_attainment_lower,0.9130434782608696,1.0,real_baselines,720
aco,0.9633439710993987,0.9722007722007723,oracle_attainment_upper,0.9333333333333332,1.0,real_baselines,720
aco,0.022562003968253967,0.020408163265306034,oracle_regret_lower,0.0,0.040816326530612235,real_baselines,720
aco,0.03219352324263089,0.025000000000000022,oracle_regret_upper,0.0,0.050000000000000044,real_baselines,720
aco,0.6867526727880909,0.7136116030714185,safe_energy_utilization,0.44200320561418616,0.9448339871590197,real_baselines,720
aco,0.7719375433326707,0.8965354881565113,safe_distance_utilization,0.5831983898732639,0.9684261113187772,real_baselines,720
aco,0.5184831372740271,0.37200240252371286,safe_time_utilization,0.19281533529669204,0.9135380605394582,real_baselines,720
aco,0.0,0.0,dangerous_action_proposal_rate,0.0,0.0,real_baselines,720
aco,0.0,0.0,environment_interception_rate,0.0,0.0,real_baselines,720
aco,46.054073663333334,43.130065299999956,planning_time_s,32.10720287500021,59.65682402499982,real_baselines,720
milp,0.582936507936508,0.5714285714285714,safe_weighted_coverage,0.4489795918367347,0.75,real_baselines,144
milp,1.0,1.0,safe_rate,1.0,1.0,real_baselines,144
milp,1.0,1.0,return_rate,1.0,1.0,real_baselines,144
milp,0.0,0.0,violation_rate,0.0,0.0,real_baselines,144
milp,0.0,0.0,stranded_rate,0.0,0.0,real_baselines,144
milp,0.5260127314814815,0.5,coverage,0.375,0.6666666666666666,real_baselines,144
milp,0.582936507936508,0.5714285714285714,weighted_coverage,0.4489795918367347,0.75,real_baselines,144
milp,10.506944444444445,10.0,visited_count,7.75,13.0,real_baselines,144
milp,0.5889467592592593,0.6,high_priority_coverage,0.4,0.8333333333333334,real_baselines,144
milp,0.7194251543209877,0.7638888888888888,medium_priority_coverage,0.65625,0.8888888888888888,real_baselines,144
milp,0.21250000000000002,0.0,low_priority_coverage,0.0,0.35,real_baselines,144
milp,0.9854886613111238,1.0,oracle_attainment_lower,0.9999999999999999,1.0,real_baselines,144
milp,0.9995501574448943,1.0,oracle_attainment_upper,1.0,1.0,real_baselines,144
milp,0.0002834467120181409,0.0,oracle_regret_lower,0.0,0.0,real_baselines,144
milp,0.009187216553288517,0.0,oracle_regret_upper,0.0,5.551115123125783e-17,real_baselines,144
milp,0.7031510123871285,0.758331483090929,safe_energy_utilization,0.452214123606429,0.9690311032769403,real_baselines,144
milp,0.7721700770391053,0.8932818861260581,safe_distance_utilization,0.5942276069317363,0.9749879550247447,real_baselines,144
milp,0.5311240004182527,0.37200240231097326,safe_time_utilization,0.1969237975852669,0.9330962451428154,real_baselines,144
milp,0.0,0.0,dangerous_action_proposal_rate,0.0,0.0,real_baselines,144
milp,0.0,0.0,environment_interception_rate,0.0,0.0,real_baselines,144
milp,15.60066444375,9.23924135,planning_time_s,4.742595975,17.084722950000014,real_baselines,144
nearest_feasible,0.48434576955782316,0.46938775510204084,safe_weighted_coverage,0.35,0.6030612244897959,real_baselines,144
nearest_feasible,1.0,1.0,safe_rate,1.0,1.0,real_baselines,144
nearest_feasible,1.0,1.0,return_rate,1.0,1.0,real_baselines,144
nearest_feasible,0.0,0.0,violation_rate,0.0,0.0,real_baselines,144
nearest_feasible,0.0,0.0,stranded_rate,0.0,0.0,real_baselines,144
nearest_feasible,0.47664930555555557,0.4583333333333333,coverage,0.35,0.6,real_baselines,144
nearest_feasible,0.48434576955782316,0.46938775510204084,weighted_coverage,0.35,0.6030612244897959,real_baselines,144
nearest_feasible,9.5,9.0,visited_count,7.0,12.0,real_baselines,144
nearest_feasible,0.4086805555555555,0.4,high_priority_coverage,0.16666666666666666,0.6,real_baselines,144
nearest_feasible,0.6281828703703703,0.6666666666666666,medium_priority_coverage,0.5,0.8333333333333334,real_baselines,144
nearest_feasible,0.3537037037037037,0.3333333333333333,low_priority_coverage,0.0,0.6,real_baselines,144
nearest_feasible,0.8163054632410944,0.8441295546558667,oracle_attainment_lower,0.741234221598878,0.9,real_baselines,144
nearest_feasible,0.8307361484661493,0.8591269841269842,oracle_attainment_upper,0.7680995475113123,0.9100790513833992,real_baselines,144
nearest_feasible,0.0976766227324263,0.09375,oracle_regret_lower,0.049999999999999975,0.125,real_baselines,144
nearest_feasible,0.10777795493197327,0.09375,oracle_regret_upper,0.061224489795918366,0.15156250000000002,real_baselines,144
nearest_feasible,0.6832877188414517,0.7246602745312924,safe_energy_utilization,0.4332462491801948,0.9404674425836909,real_baselines,144
nearest_feasible,0.7634262078465307,0.8847270490241577,safe_distance_utilization,0.5954764831033615,0.9550498084840224,real_baselines,144
nearest_feasible,0.5143049031792931,0.3762851240375963,safe_time_utilization,0.19420454023546924,0.8950115474761249,real_baselines,144
nearest_feasible,0.0,0.0,dangerous_action_proposal_rate,0.0,0.0,real_baselines,144
nearest_feasible,0.0,0.0,environment_interception_rate,0.0,0.0,real_baselines,144
nearest_feasible,3.044928962500001,2.9276550499999985,planning_time_s,1.9974933499999987,4.045046374999998,real_baselines,144
priority_resource_greedy,0.46791294642857145,0.45,safe_weighted_coverage,0.35,0.5918367346938775,real_baselines,144
priority_resource_greedy,1.0,1.0,safe_rate,1.0,1.0,real_baselines,144
priority_resource_greedy,1.0,1.0,return_rate,1.0,1.0,real_baselines,144
priority_resource_greedy,0.0,0.0,violation_rate,0.0,0.0,real_baselines,144
priority_resource_greedy,0.0,0.0,stranded_rate,0.0,0.0,real_baselines,144
priority_resource_greedy,0.4278356481481482,0.4375,coverage,0.3125,0.5416666666666666,real_baselines,144
priority_resource_greedy,0.46791294642857145,0.45,weighted_coverage,0.35,0.5918367346938775,real_baselines,144
priority_resource_greedy,8.506944444444445,8.0,visited_count,6.0,11.0,real_baselines,144
priority_resource_greedy,0.39999999999999997,0.35416666666666663,high_priority_coverage,0.16666666666666666,0.60625,real_baselines,144
priority_resource_greedy,0.6845100308641974,0.75,medium_priority_coverage,0.5,0.8888888888888888,real_baselines,144
priority_resource_greedy,0.13121693121693123,0.0,low_priority_coverage,0.0,0.2,real_baselines,144
priority_resource_greedy,0.7896842760640639,0.8,oracle_attainment_lower,0.7196874999999999,0.8666666666666667,real_baselines,144
priority_resource_greedy,0.8037414702534241,0.8136574074074074,oracle_attainment_upper,0.738558352402746,0.87625,real_baselines,144
priority_resource_greedy,0.11410944586167801,0.09999999999999998,oracle_regret_lower,0.062181122448979595,0.15625,real_baselines,144
priority_resource_greedy,0.12421077806122499,0.12244897959183673,oracle_regret_upper,0.0625,0.1750000000000013,real_baselines,144
priority_resource_greedy,0.64743083261969,0.6698154177147372,safe_energy_utilization,0.40077213804804457,0.9081639612266776,real_baselines,144
priority_resource_greedy,0.7481100569163166,0.8623692654527664,safe_distance_utilization,0.5558406860017964,0.9396468405062232,real_baselines,144
priority_resource_greedy,0.488195768670123,0.34473335526509735,safe_time_utilization,0.182729630907164,0.8469556241511984,real_baselines,144
priority_resource_greedy,0.0,0.0,dangerous_action_proposal_rate,0.0,0.0,real_baselines,144
priority_resource_greedy,0.0,0.0,environment_interception_rate,0.0,0.0,real_baselines,144
priority_resource_greedy,2.9479503381944436,2.8460699500000146,planning_time_s,1.8964010000000044,3.7699203000000043,real_baselines,144
full,0.4790688775510204,0.46875,safe_weighted_coverage,0.36875,0.5714285714285714,known_domain_shift,240
full,1.0,1.0,safe_rate,1.0,1.0,known_domain_shift,240
full,1.0,1.0,return_rate,1.0,1.0,known_domain_shift,240
full,0.0,0.0,violation_rate,0.0,0.0,known_domain_shift,240
full,0.0,0.0,stranded_rate,0.0,0.0,known_domain_shift,240
full,0.4326041666666667,0.4166666666666667,coverage,0.3,0.5104166666666666,known_domain_shift,240
full,0.4790688775510204,0.46875,weighted_coverage,0.36875,0.5714285714285714,known_domain_shift,240
full,8.6625,8.0,visited_count,6.0,10.0,known_domain_shift,240
full,0.46447916666666667,0.4,high_priority_coverage,0.3333333333333333,0.625,known_domain_shift,240
full,0.6204282407407408,0.6666666666666666,medium_priority_coverage,0.4444444444444444,0.875,known_domain_shift,240
full,0.15529761904761905,0.0,low_priority_coverage,0.0,0.2857142857142857,known_domain_shift,240
full,0.8450080671873622,0.8333333333333333,oracle_attainment_lower,0.7777777777777778,0.9068322981366463,known_domain_shift,240
full,0.8526686985818303,0.8430769230769231,oracle_attainment_upper,0.8,0.9068322981366459,known_domain_shift,240
full,0.08182079081632652,0.07500000000000001,oracle_regret_lower,0.04999999999999999,0.10714285714285719,known_domain_shift,240
full,0.08853847789115674,0.07500000000000001,oracle_regret_upper,0.050000000000000044,0.1428571428571428,known_domain_shift,240
full,0.6895463711906296,0.7214169450975567,safe_energy_utilization,0.4722422806294025,0.9300768694982566,known_domain_shift,240
full,0.7726426020475526,0.9141101550497102,safe_distance_utilization,0.6077424966572924,0.961133433966565,known_domain_shift,240
full,0.5223777456697043,0.4520448984930163,safe_time_utilization,0.1532041128943801,0.8793567086574395,known_domain_shift,240
full,0.0,0.0,dangerous_action_proposal_rate,0.0,0.0,known_domain_shift,240
full,0.0,0.0,environment_interception_rate,0.0,0.0,known_domain_shift,240
full,1.2944532933333335,1.207977599999996,planning_time_s,0.9212540499999999,1.5913044749999994,known_domain_shift,240
traditional_ppo,0.2610549532312925,0.25,safe_weighted_coverage,0.2,0.3125,known_domain_shift,240
traditional_ppo,1.0,1.0,safe_rate,1.0,1.0,known_domain_shift,240
traditional_ppo,1.0,1.0,return_rate,1.0,1.0,known_domain_shift,240
traditional_ppo,0.0,0.0,violation_rate,0.0,0.0,known_domain_shift,240
traditional_ppo,0.0,0.0,stranded_rate,0.0,0.0,known_domain_shift,240
traditional_ppo,0.26279513888888884,0.25,coverage,0.2,0.3125,known_domain_shift,240
traditional_ppo,0.2610549532312925,0.25,weighted_coverage,0.2,0.3125,known_domain_shift,240
traditional_ppo,5.204166666666667,5.0,visited_count,4.0,6.0,known_domain_shift,240
traditional_ppo,0.17875000000000002,0.16666666666666666,high_priority_coverage,0.0,0.25,known_domain_shift,240
traditional_ppo,0.3923032407407407,0.375,medium_priority_coverage,0.2222222222222222,0.5,known_domain_shift,240
traditional_ppo,0.18718253968253967,0.16666666666666666,low_priority_coverage,0.0,0.2857142857142857,known_domain_shift,240
traditional_ppo,0.47020944795526703,0.46514423076923084,oracle_attainment_lower,0.3809523809523809,0.541346153846154,known_domain_shift,240
traditional_ppo,0.4744099618809966,0.4742063492063492,oracle_attainment_upper,0.38461538461538464,0.5499999999999999,known_domain_shift,240
traditional_ppo,0.2998347151360544,0.2857142857142857,oracle_regret_lower,0.21875,0.38775510204081637,known_domain_shift,240
traditional_ppo,0.30655240221088464,0.3,oracle_regret_upper,0.21875,0.39999999999999997,known_domain_shift,240
traditional_ppo,0.6558577694433304,0.6610793618957942,safe_energy_utilization,0.4269720149885291,0.9248321861504362,known_domain_shift,240
traditional_ppo,0.8173631824425177,0.9399777949144363,safe_distance_utilization,0.6647153080008481,0.9836718303450888,known_domain_shift,240
traditional_ppo,0.497533848592639,0.3990742826637487,safe_time_utilization,0.1473684712887458,0.8162434873985922,known_domain_shift,240
traditional_ppo,0.0,0.0,dangerous_action_proposal_rate,0.0,0.0,known_domain_shift,240
traditional_ppo,0.0,0.0,environment_interception_rate,0.0,0.0,known_domain_shift,240
traditional_ppo,0.8013393775000002,0.7282445999999965,planning_time_s,0.5881691500000001,0.9351568250000004,known_domain_shift,240
a2c_pointer,0.4798246173469388,0.4375,safe_weighted_coverage,0.35,0.5923150510204082,known_domain_shift,240
a2c_pointer,1.0,1.0,safe_rate,1.0,1.0,known_domain_shift,240
a2c_pointer,1.0,1.0,return_rate,1.0,1.0,known_domain_shift,240
a2c_pointer,0.0,0.0,violation_rate,0.0,0.0,known_domain_shift,240
a2c_pointer,0.0,0.0,stranded_rate,0.0,0.0,known_domain_shift,240
a2c_pointer,0.4282118055555556,0.4,coverage,0.3125,0.5,known_domain_shift,240
a2c_pointer,0.4798246173469388,0.4375,weighted_coverage,0.35,0.5923150510204082,known_domain_shift,240
a2c_pointer,8.545833333333333,8.0,visited_count,6.0,10.0,known_domain_shift,240
a2c_pointer,0.49024305555555553,0.45,high_priority_coverage,0.3333333333333333,0.6354166666666666,known_domain_shift,240
a2c_pointer,0.5942708333333333,0.6666666666666666,medium_priority_coverage,0.4444444444444444,0.7916666666666667,known_domain_shift,240
a2c_pointer,0.14765873015873013,0.0,low_priority_coverage,0.0,0.22142857142857142,known_domain_shift,240
a2c_pointer,0.8463917273490398,0.8461538461538465,oracle_attainment_lower,0.7777777777777778,0.9130434782608713,known_domain_shift,240
a2c_pointer,0.8541757088129783,0.85,oracle_attainment_upper,0.8,0.9130434782608695,known_domain_shift,240
a2c_pointer,0.08106505102040815,0.07500000000000001,oracle_regret_lower,0.04999999999999999,0.10204081632653067,known_domain_shift,240
a2c_pointer,0.08778273809523836,0.07500000000000001,oracle_regret_upper,0.050000000000000044,0.125,known_domain_shift,240
a2c_pointer,0.6909029298852563,0.7168003123396468,safe_energy_utilization,0.47126861801323217,0.9360618583559567,known_domain_shift,240
a2c_pointer,0.7744886369154299,0.8928916138615426,safe_distance_utilization,0.6147891386122815,0.9592569754650065,known_domain_shift,240
a2c_pointer,0.5229543663152633,0.443246802957736,safe_time_utilization,0.15171444411173368,0.8837368579470475,known_domain_shift,240
a2c_pointer,0.0,0.0,dangerous_action_proposal_rate,0.0,0.0,known_domain_shift,240
a2c_pointer,0.0,0.0,environment_interception_rate,0.0,0.0,known_domain_shift,240
a2c_pointer,1.2704691695833332,1.2817113000000009,planning_time_s,0.8767983250000033,1.5627212500000045,known_domain_shift,240
no_domain_randomization,0.4853651147959184,0.46875,safe_weighted_coverage,0.375,0.5918367346938775,known_domain_shift,240
no_domain_randomization,1.0,1.0,safe_rate,1.0,1.0,known_domain_shift,240
no_domain_randomization,1.0,1.0,return_rate,1.0,1.0,known_domain_shift,240
no_domain_randomization,0.0,0.0,violation_rate,0.0,0.0,known_domain_shift,240
no_domain_randomization,0.0,0.0,stranded_rate,0.0,0.0,known_domain_shift,240
no_domain_randomization,0.44187499999999996,0.4166666666666667,coverage,0.3125,0.5416666666666666,known_domain_shift,240
no_domain_randomization,0.4853651147959184,0.46875,weighted_coverage,0.375,0.5918367346938775,known_domain_shift,240
no_domain_randomization,8.845833333333333,9.0,visited_count,6.0,11.0,known_domain_shift,240
no_domain_randomization,0.4662847222222222,0.45,high_priority_coverage,0.3333333333333333,0.625,known_domain_shift,240
no_domain_randomization,0.6258101851851853,0.6666666666666666,medium_priority_coverage,0.4444444444444444,0.875,known_domain_shift,240
no_domain_randomization,0.17636904761904762,0.0,low_priority_coverage,0.0,0.3333333333333333,known_domain_shift,240
no_domain_randomization,0.8575237405599386,0.8500000000000001,oracle_attainment_lower,0.7999999999999975,0.9333333333333332,known_domain_shift,240
no_domain_randomization,0.8654015174167029,0.8571428571428571,oracle_attainment_upper,0.8076923076923076,0.9352941176470588,known_domain_shift,240
no_domain_randomization,0.07552455357142858,0.07500000000000001,oracle_regret_lower,0.038424744897959134,0.10204081632653067,known_domain_shift,240
no_domain_randomization,0.08224224064625879,0.07500000000000001,oracle_regret_upper,0.040816326530611347,0.125,known_domain_shift,240
no_domain_randomization,0.69492925863668,0.734237401795402,safe_energy_utilization,0.4722422806294025,0.9330920202441467,known_domain_shift,240
no_domain_randomization,0.7780885888903871,0.9148891603719701,safe_distance_utilization,0.6120659793360234,0.962473023270256,known_domain_shift,240
no_domain_randomization,0.5279709791943091,0.4414426768669456,safe_time_utilization,0.15649685221560505,0.8922385677339263,known_domain_shift,240
no_domain_randomization,0.0,0.0,dangerous_action_proposal_rate,0.0,0.0,known_domain_shift,240
no_domain_randomization,0.0,0.0,environment_interception_rate,0.0,0.0,known_domain_shift,240
no_domain_randomization,1.3214009108333333,1.2236739000000032,planning_time_s,0.9564923249999984,1.5469869999999961,known_domain_shift,240
priority_resource_greedy,0.4427402210884354,0.425,safe_weighted_coverage,0.3461415816326531,0.5307716836734694,known_domain_shift,48
priority_resource_greedy,1.0,1.0,safe_rate,1.0,1.0,known_domain_shift,48
priority_resource_greedy,1.0,1.0,return_rate,1.0,1.0,known_domain_shift,48
priority_resource_greedy,0.0,0.0,violation_rate,0.0,0.0,known_domain_shift,48
priority_resource_greedy,0.0,0.0,stranded_rate,0.0,0.0,known_domain_shift,48
priority_resource_greedy,0.4197916666666666,0.4,coverage,0.3072916666666667,0.5,known_domain_shift,48
priority_resource_greedy,0.4427402210884354,0.425,weighted_coverage,0.3461415816326531,0.5307716836734694,known_domain_shift,48
priority_resource_greedy,8.416666666666666,8.0,visited_count,6.0,10.25,known_domain_shift,48
priority_resource_greedy,0.3324652777777778,0.29166666666666663,high_priority_coverage,0.19166666666666668,0.5,known_domain_shift,48
priority_resource_greedy,0.6860532407407408,0.7083333333333333,medium_priority_coverage,0.5,0.9166666666666666,known_domain_shift,48
priority_resource_greedy,0.1726190476190476,0.0,low_priority_coverage,0.0,0.3333333333333333,known_domain_shift,48
priority_resource_greedy,0.7842636274851689,0.8,oracle_attainment_lower,0.7213541666666666,0.8500000000000001,known_domain_shift,48
priority_resource_greedy,0.7916715392573052,0.8,oracle_attainment_upper,0.7458333333333332,0.85,known_domain_shift,48
priority_resource_greedy,0.11814944727891157,0.12244897959183676,oracle_regret_lower,0.0625,0.15625,known_domain_shift,48
priority_resource_greedy,0.12486713435374176,0.12499999999999992,oracle_regret_upper,0.0625,0.18367346938775442,known_domain_shift,48
priority_resource_greedy,0.662096192819684,0.673134282432715,safe_energy_utilization,0.4327258430629899,0.8957187137159631,known_domain_shift,48
priority_resource_greedy,0.7398679100879683,0.8125969557306747,safe_distance_utilization,0.6001917748153984,0.9288675089526168,known_domain_shift,48
priority_resource_greedy,0.4943658387214402,0.4491307954383825,safe_time_utilization,0.15779039409925186,0.8407691966821796,known_domain_shift,48
priority_resource_greedy,0.0,0.0,dangerous_action_proposal_rate,0.0,0.0,known_domain_shift,48
priority_resource_greedy,0.0,0.0,environment_interception_rate,0.0,0.0,known_domain_shift,48
priority_resource_greedy,3.0907833083333323,2.590814800000004,planning_time_s,2.142256774999998,3.875663575000008,known_domain_shift,48
full,0.42947464923469386,0.4375,safe_weighted_coverage,0.3469387755102041,0.5714285714285714,hidden_model_perception_mismatch,480
full,0.8875,1.0,safe_rate,1.0,1.0,hidden_model_perception_mismatch,480
full,0.8875,1.0,return_rate,1.0,1.0,hidden_model_perception_mismatch,480
full,0.1125,0.0,violation_rate,0.0,0.0,hidden_model_perception_mismatch,480
full,0.0,0.0,stranded_rate,0.0,0.0,hidden_model_perception_mismatch,480
full,0.3866666666666667,0.375,coverage,0.2916666666666667,0.5,hidden_model_perception_mismatch,480
full,0.42947464923469386,0.4375,weighted_coverage,0.3469387755102041,0.5714285714285714,hidden_model_perception_mismatch,480
full,8.795833333333333,9.0,visited_count,6.0,11.0,hidden_model_perception_mismatch,480
full,0.4697048611111111,0.4,high_priority_coverage,0.3333333333333333,0.625,hidden_model_perception_mismatch,480
full,0.6372974537037037,0.6666666666666666,medium_priority_coverage,0.4444444444444444,0.875,hidden_model_perception_mismatch,480
full,0.15192460317460318,0.0,low_priority_coverage,0.0,0.2857142857142857,hidden_model_perception_mismatch,480
full,0.7628391500091588,0.8333333333333333,oracle_attainment_lower,0.7599999999999905,0.9130434782608713,hidden_model_perception_mismatch,480
full,0.7684346545405473,0.8333333333333334,oracle_attainment_upper,0.8,0.9130434782608695,hidden_model_perception_mismatch,480
full,0.13141501913265305,0.07500000000000001,oracle_regret_lower,0.047704081632653064,0.1428571428571429,hidden_model_perception_mismatch,480
full,0.1381327062074833,0.07500000000000001,oracle_regret_upper,0.050000000000000044,0.1500000000000078,hidden_model_perception_mismatch,480
full,0.649048452857785,0.6663223962098818,safe_energy_utilization,0.4266149717935439,0.9039656790752301,hidden_model_perception_mismatch,426
full,0.7967279455795625,0.9169774235481043,safe_distance_utilization,0.6562494183690515,0.9619057690669958,hidden_model_perception_mismatch,426
full,0.5460875364139247,0.5120287117705021,safe_time_utilization,0.15426892850536242,0.8896022339458184,hidden_model_perception_mismatch,426
full,0.0,0.0,dangerous_action_proposal_rate,0.0,0.0,hidden_model_perception_mismatch,480
full,0.0,0.0,environment_interception_rate,0.0,0.0,hidden_model_perception_mismatch,480
full,1.341597959791667,1.2723928000000129,planning_time_s,0.9999802250000052,1.5680363500000034,hidden_model_perception_mismatch,480
traditional_ppo,0.23065077593537414,0.25,safe_weighted_coverage,0.16326530612244897,0.3125,hidden_model_perception_mismatch,480
traditional_ppo,0.8645833333333334,1.0,safe_rate,1.0,1.0,hidden_model_perception_mismatch,480
traditional_ppo,0.8645833333333334,1.0,return_rate,1.0,1.0,hidden_model_perception_mismatch,480
traditional_ppo,0.13541666666666666,0.0,violation_rate,0.0,0.0,hidden_model_perception_mismatch,480
traditional_ppo,0.0,0.0,stranded_rate,0.0,0.0,hidden_model_perception_mismatch,480
traditional_ppo,0.2309201388888889,0.25,coverage,0.16666666666666666,0.3,hidden_model_perception_mismatch,480
traditional_ppo,0.23065077593537414,0.25,weighted_coverage,0.16326530612244897,0.3125,hidden_model_perception_mismatch,480
traditional_ppo,5.277083333333334,5.0,visited_count,4.0,6.0,hidden_model_perception_mismatch,480
traditional_ppo,0.18303819444444444,0.16666666666666666,high_priority_coverage,0.0,0.25,hidden_model_perception_mismatch,480
traditional_ppo,0.3951388888888889,0.375,medium_priority_coverage,0.24305555555555555,0.5,hidden_model_perception_mismatch,480
traditional_ppo,0.1934623015873016,0.16666666666666666,low_priority_coverage,0.0,0.2857142857142857,hidden_model_perception_mismatch,480
traditional_ppo,0.41448978632317085,0.4375,oracle_attainment_lower,0.32500000000000007,0.5333333333333333,hidden_model_perception_mismatch,480
traditional_ppo,0.4173546656966712,0.44000000000000006,oracle_attainment_upper,0.33125,0.5384615384615384,hidden_model_perception_mismatch,480
traditional_ppo,0.33023889243197274,0.34375,oracle_regret_lower,0.24489795918367352,0.425,hidden_model_perception_mismatch,480
traditional_ppo,0.33695657950680297,0.34375,oracle_regret_upper,0.25,0.4285714285714286,hidden_model_perception_mismatch,480
traditional_ppo,0.6112670040242072,0.6009812546703033,safe_energy_utilization,0.39281139702720325,0.8222886789304305,hidden_model_perception_mismatch,415
traditional_ppo,0.8519259569619542,0.9509296224170699,safe_distance_utilization,0.7418305159040516,0.9846805095821816,hidden_model_perception_mismatch,415
traditional_ppo,0.5222487518658327,0.5026489566943906,safe_time_utilization,0.1526387898004401,0.8164629544770594,hidden_model_perception_mismatch,415
traditional_ppo,0.0,0.0,dangerous_action_proposal_rate,0.0,0.0,hidden_model_perception_mismatch,480
traditional_ppo,0.0,0.0,environment_interception_rate,0.0,0.0,hidden_model_perception_mismatch,480
traditional_ppo,0.7501078427083336,0.6868121500000086,planning_time_s,0.562675299999988,0.902719425000015,hidden_model_perception_mismatch,480
a2c_pointer,0.41806919642857143,0.42857142857142855,safe_weighted_coverage,0.3469387755102041,0.5510204081632653,hidden_model_perception_mismatch,480
a2c_pointer,0.8625,1.0,safe_rate,1.0,1.0,hidden_model_perception_mismatch,480
a2c_pointer,0.8625,1.0,return_rate,1.0,1.0,hidden_model_perception_mismatch,480
a2c_pointer,0.1375,0.0,violation_rate,0.0,0.0,hidden_model_perception_mismatch,480
a2c_pointer,0.0,0.0,stranded_rate,0.0,0.0,hidden_model_perception_mismatch,480
a2c_pointer,0.37016493055555555,0.375,coverage,0.2916666666666667,0.5,hidden_model_perception_mismatch,480
a2c_pointer,0.41806919642857143,0.42857142857142855,weighted_coverage,0.3469387755102041,0.5510204081632653,hidden_model_perception_mismatch,480
a2c_pointer,8.670833333333333,8.0,visited_count,6.0,11.0,hidden_model_perception_mismatch,480
a2c_pointer,0.5078125,0.5,high_priority_coverage,0.375,0.6666666666666666,hidden_model_perception_mismatch,480
a2c_pointer,0.6034143518518519,0.6666666666666666,medium_priority_coverage,0.4444444444444444,0.8333333333333334,hidden_model_perception_mismatch,480
a2c_pointer,0.14030753968253967,0.0,low_priority_coverage,0.0,0.22142857142857142,hidden_model_perception_mismatch,480
a2c_pointer,0.743700450179647,0.84375,oracle_attainment_lower,0.7500000000000001,0.9130434782608713,hidden_model_perception_mismatch,480
a2c_pointer,0.7496584805652101,0.85,oracle_attainment_upper,0.76,0.9130434782608695,hidden_model_perception_mismatch,480
a2c_pointer,0.1428204719387755,0.07499999999999998,oracle_regret_lower,0.04081632653061229,0.15000000000000002,hidden_model_perception_mismatch,480
a2c_pointer,0.1495381590136057,0.07500000000000001,oracle_regret_upper,0.049999999999999975,0.16326530612244894,hidden_model_perception_mismatch,480
a2c_pointer,0.6397516604743467,0.6587696802620387,safe_energy_utilization,0.4145543468098453,0.9039656790752301,hidden_model_perception_mismatch,414
a2c_pointer,0.8023068168433121,0.9186849513664116,safe_distance_utilization,0.6559265315856057,0.9592569754650065,hidden_model_perception_mismatch,414
a2c_pointer,0.5514606318311764,0.8086643910418376,safe_time_utilization,0.1520305729930117,0.8888788183935458,hidden_model_perception_mismatch,414
a2c_pointer,0.0,0.0,dangerous_action_proposal_rate,0.0,0.0,hidden_model_perception_mismatch,480
a2c_pointer,0.0,0.0,environment_interception_rate,0.0,0.0,hidden_model_perception_mismatch,480
a2c_pointer,1.3088638881250003,1.2690431999999987,planning_time_s,0.9434730749999893,1.5437056499999962,hidden_model_perception_mismatch,480
no_domain_randomization,0.4284752338435374,0.4375,safe_weighted_coverage,0.3469387755102041,0.5714285714285714,hidden_model_perception_mismatch,480
no_domain_randomization,0.8666666666666667,1.0,safe_rate,1.0,1.0,hidden_model_perception_mismatch,480
no_domain_randomization,0.8666666666666667,1.0,return_rate,1.0,1.0,hidden_model_perception_mismatch,480
no_domain_randomization,0.13333333333333333,0.0,violation_rate,0.0,0.0,hidden_model_perception_mismatch,480
no_domain_randomization,0.0,0.0,stranded_rate,0.0,0.0,hidden_model_perception_mismatch,480
no_domain_randomization,0.3897222222222222,0.375,coverage,0.2916666666666667,0.5,hidden_model_perception_mismatch,480
no_domain_randomization,0.4284752338435374,0.4375,weighted_coverage,0.3469387755102041,0.5714285714285714,hidden_model_perception_mismatch,480
no_domain_randomization,9.052083333333334,9.0,visited_count,6.0,11.0,hidden_model_perception_mismatch,480
no_domain_randomization,0.47914930555555557,0.5,high_priority_coverage,0.3333333333333333,0.625,hidden_model_perception_mismatch,480
no_domain_randomization,0.639988425925926,0.6666666666666666,medium_priority_coverage,0.4444444444444444,0.875,hidden_model_perception_mismatch,480
no_domain_randomization,0.18046626984126984,0.0,low_priority_coverage,0.0,0.3333333333333333,hidden_model_perception_mismatch,480
no_domain_randomization,0.7614212743505694,0.8500000000000001,oracle_attainment_lower,0.7599999999999905,0.95,hidden_model_perception_mismatch,480
no_domain_randomization,0.767209056970249,0.8571428571428572,oracle_attainment_upper,0.8,0.95,hidden_model_perception_mismatch,480
no_domain_randomization,0.13241443452380955,0.0625,oracle_regret_lower,0.025000000000000022,0.125,hidden_model_perception_mismatch,480
no_domain_randomization,0.13913212159863975,0.07500000000000001,oracle_regret_upper,0.025000000000000022,0.14464285714285713,hidden_model_perception_mismatch,480
no_domain_randomization,0.6497382555768833,0.667488547086729,safe_energy_utilization,0.4244697691785021,0.9058614706866914,hidden_model_perception_mismatch,416
no_domain_randomization,0.8091854343912992,0.9284692501542691,safe_distance_utilization,0.6544487982352252,0.9664675807564965,hidden_model_perception_mismatch,416
no_domain_randomization,0.5591202554654233,0.7981623257081286,safe_time_utilization,0.15783233585968295,0.917401762253299,hidden_model_perception_mismatch,416
no_domain_randomization,0.0,0.0,dangerous_action_proposal_rate,0.0,0.0,hidden_model_perception_mismatch,480
no_domain_randomization,0.0,0.0,environment_interception_rate,0.0,0.0,hidden_model_perception_mismatch,480
no_domain_randomization,1.342678782708333,1.2777222499999965,planning_time_s,0.9647530999999674,1.6068773249999975,hidden_model_perception_mismatch,480
no_return_reserve,0.11205224277210885,0.0625,safe_weighted_coverage,0.0,0.20408163265306123,hidden_model_perception_mismatch,480
no_return_reserve,1.0,1.0,safe_rate,1.0,1.0,hidden_model_perception_mismatch,480
no_return_reserve,1.0,1.0,return_rate,1.0,1.0,hidden_model_perception_mismatch,480
no_return_reserve,0.0,0.0,violation_rate,0.0,0.0,hidden_model_perception_mismatch,480
no_return_reserve,0.0,0.0,stranded_rate,0.0,0.0,hidden_model_perception_mismatch,480
no_return_reserve,0.09954861111111112,0.0625,coverage,0.0,0.16666666666666666,hidden_model_perception_mismatch,480
no_return_reserve,0.11205224277210885,0.0625,weighted_coverage,0.0,0.20408163265306123,hidden_model_perception_mismatch,480
no_return_reserve,2.00625,1.0,visited_count,0.0,3.25,hidden_model_perception_mismatch,480
no_return_reserve,0.08586805555555556,0.0,high_priority_coverage,0.0,0.16666666666666666,hidden_model_perception_mismatch,480
no_return_reserve,0.18744212962962964,0.1111111111111111,medium_priority_coverage,0.0,0.3333333333333333,hidden_model_perception_mismatch,480
no_return_reserve,0.0016666666666666668,0.0,low_priority_coverage,0.0,0.0,hidden_model_perception_mismatch,480
no_return_reserve,0.19710580695913532,0.15999999999999803,oracle_attainment_lower,0.0,0.35714285714285715,hidden_model_perception_mismatch,480
no_return_reserve,0.19969048431482564,0.16,oracle_attainment_upper,0.0,0.35714285714285715,hidden_model_perception_mismatch,480
no_return_reserve,0.4488374255952381,0.42857142857142855,oracle_regret_lower,0.32653061224489793,0.5359375,hidden_model_perception_mismatch,480
no_return_reserve,0.45555511267006826,0.4285714285714286,oracle_regret_upper,0.33944515306122436,0.5714285714285714,hidden_model_perception_mismatch,480
no_return_reserve,0.15111412638678434,0.09341139778234413,safe_energy_utilization,0.0,0.26702178065930965,hidden_model_perception_mismatch,480
no_return_reserve,0.15998664885454936,0.12045032429423617,safe_distance_utilization,0.0,0.2649515915754371,hidden_model_perception_mismatch,480
no_return_reserve,0.11263258910148452,0.04764049145776646,safe_time_utilization,0.0,0.15092622189645083,hidden_model_perception_mismatch,480
no_return_reserve,0.0,0.0,dangerous_action_proposal_rate,0.0,0.0,hidden_model_perception_mismatch,480
no_return_reserve,0.0,0.0,environment_interception_rate,0.0,0.0,hidden_model_perception_mismatch,480
no_return_reserve,0.4324218912500001,0.33692714999999396,planning_time_s,0.20781642500000075,0.5826149499999929,hidden_model_perception_mismatch,480
priority_resource_greedy,0.39893707482993196,0.40816326530612246,safe_weighted_coverage,0.2857142857142857,0.5306122448979592,hidden_model_perception_mismatch,96
priority_resource_greedy,0.8854166666666666,1.0,safe_rate,1.0,1.0,hidden_model_perception_mismatch,96
priority_resource_greedy,0.8854166666666666,1.0,return_rate,1.0,1.0,hidden_model_perception_mismatch,96
priority_resource_greedy,0.11458333333333333,0.0,violation_rate,0.0,0.0,hidden_model_perception_mismatch,96
priority_resource_greedy,0.0,0.0,stranded_rate,0.0,0.0,hidden_model_perception_mismatch,96
priority_resource_greedy,0.37868923611111116,0.375,coverage,0.25,0.5,hidden_model_perception_mismatch,96
priority_resource_greedy,0.39893707482993196,0.40816326530612246,weighted_coverage,0.2857142857142857,0.5306122448979592,hidden_model_perception_mismatch,96
priority_resource_greedy,8.59375,9.0,visited_count,6.0,10.25,hidden_model_perception_mismatch,96
priority_resource_greedy,0.34513888888888894,0.3333333333333333,high_priority_coverage,0.2,0.5,hidden_model_perception_mismatch,96
priority_resource_greedy,0.687789351851852,0.6666666666666666,medium_priority_coverage,0.5,0.90625,hidden_model_perception_mismatch,96
priority_resource_greedy,0.18859126984126984,0.0,low_priority_coverage,0.0,0.3333333333333333,hidden_model_perception_mismatch,96
priority_resource_greedy,0.7046066453888011,0.8,oracle_attainment_lower,0.6896551724137931,0.8500000000000001,hidden_model_perception_mismatch,96
priority_resource_greedy,0.7111310006133182,0.8047619047619048,oracle_attainment_upper,0.7216666666666667,0.85,hidden_model_perception_mismatch,96
priority_resource_greedy,0.16195259353741495,0.12244897959183676,oracle_regret_lower,0.0625,0.18367346938775514,hidden_model_perception_mismatch,96
priority_resource_greedy,0.16867028061224518,0.125,oracle_regret_upper,0.0625,0.1846301020408163,hidden_model_perception_mismatch,96
priority_resource_greedy,0.6291718506066344,0.6003161558183678,safe_energy_utilization,0.4019800445549947,0.8865518232875741,hidden_model_perception_mismatch,85
priority_resource_greedy,0.7637456946637886,0.8781676941059896,safe_distance_utilization,0.6462653673015136,0.945525302390608,hidden_model_perception_mismatch,85
priority_resource_greedy,0.5084293272902617,0.5267477801733494,safe_time_utilization,0.1496539524635279,0.8407132818203409,hidden_model_perception_mismatch,85
priority_resource_greedy,0.0,0.0,dangerous_action_proposal_rate,0.0,0.0,hidden_model_perception_mismatch,96
priority_resource_greedy,0.0,0.0,environment_interception_rate,0.0,0.0,hidden_model_perception_mismatch,96
priority_resource_greedy,3.0952503010416668,2.642479499999993,planning_time_s,2.1498329000000105,3.871984975000011,hidden_model_perception_mismatch,96
